lambda,f''(0),F'(0),t'(0),tp(0)
1.000000000000000000e+00,-1.376097620481879336e+00,1.168714827983980825e-01,-1.210070228145219140e+00,9.387216023147858246e-02
9.899999999999999911e-01,-1.360543182278272090e+00,1.161522153719739409e-01,-1.231736875827157185e+00,9.313563211555817012e-02
9.748010513657587861e-01,-1.336960001951561727e+00,1.150490403968345982e-01,-1.264236847350064252e+00,9.202567973332348439e-02
9.491699984345028929e-01,-1.297350086651922529e+00,1.131608393108665539e-01,-1.317861800362860825e+00,9.018043651408944039e-02
8.998738005173686494e-01,-1.221744685862009350e+00,1.094269713006223027e-01,-1.416799838671470413e+00,8.672917949636778367e-02
8.499630017029381479e-01,-1.145991618273678458e+00,1.055013898633973685e-01,-1.511290777222620063e+00,8.337384271235405431e-02
8.018112940264146005e-01,-1.073693353711499654e+00,1.015658411295544822e-01,-1.596972952422496483e+00,8.027910103218556526e-02
7.529567031821403633e-01,-1.001156448393246468e+00,9.741299843844367090e-02,-1.678342494796818851e+00,7.729296642013007423e-02
7.033029993201309615e-01,-9.283082860808835601e-01,9.301463734507732506e-02,-1.755230129292800312e+00,7.442926781791994739e-02
6.554371518920589779e-01,-8.589517608764486445e-01,8.859174078468214086e-02,-1.823730080020011357e+00,7.184552478282305032e-02
6.065921282167612283e-01,-7.890922748846557200e-01,8.387801504649382289e-02,-1.887867023089394136e+00,6.940311999381588992e-02
5.594437715511990650e-01,-7.225748528622012445e-01,7.911985131256991932e-02,-1.944174762376614352e+00,6.724782015613946229e-02
5.110238734856223930e-01,-6.552422219361193623e-01,7.400170072183066827e-02,-1.996187525209885960e+00,6.526004242664754096e-02
4.610481805247683140e-01,-5.868368313308937045e-01,6.844987626755363874e-02,-2.043592983989213074e+00,6.347128417975236858e-02
4.126185944203192291e-01,-5.216598067534113925e-01,6.278306290908836074e-02,-2.083340037408933032e+00,6.201859149438626595e-02
3.654438413677942865e-01,-4.592818219633922894e-01,5.696366784296921781e-02,-2.116087455222704250e+00,6.089742913693020621e-02
3.156666164733329394e-01,-3.947204122944568683e-01,5.046788216620242545e-02,-2.144123695580350653e+00,6.006415347091134671e-02
2.666724482876524638e-01,-3.325156932566242229e-01,4.367651178702409986e-02,-2.165037777445560252e+00,5.963656031333029045e-02
2.179562817257671148e-01,-2.720742823265296373e-01,3.648339589466196436e-02,-2.179098731918073906e+00,5.964719154185629812e-02
1.688999329875257860e-01,-2.127384051525738895e-01,2.873711584889777904e-02,-2.186286432438366845e+00,6.015722750011025244e-02
1.401394393793266302e-01,-1.787136625650616040e-01,2.393248823871897343e-02,-2.187162684465393081e+00,6.071825300131836189e-02
1.070119265576369993e-01,-1.402669221570584934e-01,1.813002064169432284e-02,-2.185037296060385437e+00,6.163223524595556890e-02
6.732413553183526356e-02,-9.532447285699069406e-02,1.075844303966803049e-02,-2.177959058308240881e+00,6.314744021494621273e-02
2.231735828020329007e-02,-4.595650212712969890e-02,1.767776064372594477e-03,-2.163754712804016656e+00,6.549900073075637374e-02
-2.120811252674554767e-02,7.770054089943383952e-06,-7.670784726921367654e-03,-2.143512161314959030e+00,6.852200539346274544e-02
-6.712347898057226259e-02,4.637041689760641738e-02,-1.857376040336573483e-02,-2.114866467138504902e+00,7.266712126917752868e-02
-1.114877373899559876e-01,8.880306352882376408e-02,-3.023229774770929551e-02,-2.079631674135161923e+00,7.781234564273251109e-02
-1.570728354953448980e-01,1.295714080739135965e-01,-4.365702480271344693e-02,-2.035072470325510086e+00,8.457140123491882489e-02
-2.062989594994917020e-01,1.696684013998923657e-01,-6.032073764457897974e-02,-1.976408416887682984e+00,9.408648190405971556e-02
-2.530125184957636719e-01,2.028387278603761001e-01,-7.906353498043108829e-02,-1.909012547040755514e+00,1.061234342125482455e-01
-2.986408604068604977e-01,2.286899137456155084e-01,-1.016747480410737509e-01,-1.829382482690650180e+00,1.223077337289514566e-01
-3.466130670105749823e-01,2.435047940616256457e-01,-1.344138999384463240e-01,-1.723480982563292851e+00,1.485136509916654690e-01
-3.637847225503391679e-01,2.422117858247370692e-01,-1.512742852307667751e-01,-1.675242998340148004e+00,1.631053366975939167e-01
-3.716853517192045819e-01,2.388159922083863684e-01,-1.613027790901299940e-01,-1.649011289532492430e+00,1.720873799967905515e-01
-3.760711627737313711e-01,2.354201985920356954e-01,-1.681133180739431132e-01,-1.632344986484054683e+00,1.783021061084309189e-01
-3.790374950302068946e-01,2.320244049756849947e-01,-1.736307341557072892e-01,-1.619567980908702243e+00,1.833985333816149921e-01
-3.811673835548786693e-01,2.286286113593342939e-01,-1.783893292367892403e-01,-1.609096217641713178e+00,1.878343398438818146e-01
-3.827244023945686191e-01,2.252328177429836209e-01,-1.826300829926841285e-01,-1.600211656349881162e+00,1.918158289516831705e-01
-3.838545983029961750e-01,2.218370241266329201e-01,-1.864861989226116457e-01,-1.592515374319313892e+00,1.954569220422624487e-01
-3.846489984329887757e-01,2.184412305102822194e-01,-1.900404863293096158e-01,-1.585758071640210209e+00,1.988283376401591140e-01
-3.851689005603189386e-01,2.150454368939315464e-01,-1.933485564847204907e-01,-1.579771416674650153e+00,2.019774749220955012e-01
-3.854579314377697408e-01,2.116496432775808456e-01,-1.964498728378506198e-01,-1.574435273914485567e+00,2.049378875837571945e-01
-3.855484520565229389e-01,2.082538496612301449e-01,-1.993736158037811013e-01,-1.569660276551003930e+00,2.077343128172779441e-01
-3.854652497983258042e-01,2.048580560448794441e-01,-2.021420605313046792e-01,-1.565377769862226653e+00,2.103855682019731277e-01
-3.852278101026982426e-01,2.014622624285287711e-01,-2.047726532575676883e-01,-1.561533615792922935e+00,2.129063331123783320e-01
-3.848517737038933406e-01,1.980664688121780703e-01,-2.072793422208316638e-01,-1.558084214791008337e+00,2.153082907345413022e-01
-3.843499177629181029e-01,1.946706751958273696e-01,-2.096734729158588328e-01,-1.554993823690989041e+00,2.176008966984626092e-01
-3.837328354901736738e-01,1.912748815794766966e-01,-2.119644077030337637e-01,-1.552232695495796122e+00,2.197919113433704219e-01
-3.830094209178988574e-01,1.878790879631259958e-01,-2.141599673858711195e-01,-1.549775750634207583e+00,2.218877793536342125e-01
-3.821872231154507249e-01,1.844832943467752950e-01,-2.162667535781959416e-01,-1.547601604586908097e+00,2.238939072096597926e-01
-3.812727097104257057e-01,1.810875007304246220e-01,-2.182903883339574469e-01,-1.545691843452090097e+00,2.258148696934280109e-01
-3.802714709256369563e-01,1.776917071140739213e-01,-2.202356994296372494e-01,-1.544030461000863053e+00,2.276545700643581582e-01
-3.791883695276072053e-01,1.742959134977232205e-01,-2.221068565677710160e-01,-1.542603445890786240e+00,2.294163577453708636e-01
-3.780276660171628111e-01,1.709001198813725475e-01,-2.239074848175988952e-01,-1.541398434292456043e+00,2.311031270382543079e-01
-3.767931140730633177e-01,1.675043262650218467e-01,-2.256407510942117778e-01,-1.540404445130525213e+00,2.327173925352743200e-01
-3.754880380109260618e-01,1.641085326486711460e-01,-2.273094342588590777e-01,-1.539611664301283822e+00,2.342613506146678515e-01
-3.741153956633895272e-01,1.607127390323204730e-01,-2.289159819701718501e-01,-1.539011268795455134e+00,2.357369296547713045e-01
-3.726778299330037458e-01,1.573169454159697722e-01,-2.304625572490261454e-01,-1.538595281819718164e+00,2.371458315114664261e-01
-3.711777114485883544e-01,1.539211517996190715e-01,-2.319510769709931808e-01,-1.538356452254176165e+00,2.384895661610057227e-01
-3.696171741657298115e-01,1.505253581832683984e-01,-2.333832439622786914e-01,-1.538288153397366020e+00,2.397694809483142397e-01
-3.679981453218634790e-01,1.471295645669176977e-01,-2.347605739829779492e-01,-1.538384297128605693e+00,2.409867855439823403e-01
-3.663223708386341149e-01,1.437337709505669969e-01,-2.360844185920740745e-01,-1.538639260488692262e+00,2.421425734642265182e-01
-3.645914370267464566e-01,1.403379773342163239e-01,-2.373559846724609956e-01,-1.539047822332087812e+00,2.432378408218383026e-01
-3.628067892690713947e-01,1.369421837178656232e-01,-2.385763512310728196e-01,-1.539605108197488637e+00,2.442735028351271376e-01
-3.609697482424716330e-01,1.335463901015149224e-01,-2.397464839817394500e-01,-1.540306541839365773e+00,2.452504085289967106e-01
-3.590815239597795472e-01,1.301505964851642494e-01,-2.408672479864725491e-01,-1.541147802813535250e+00,2.461693538576583962e-01
-3.571432284383663225e-01,1.267548028688135486e-01,-2.419394190327343597e-01,-1.542124787434995259e+00,2.470310938364411457e-01
-3.551558865286307265e-01,1.233590092524628617e-01,-2.429636934158821149e-01,-1.543233575181942152e+00,2.478363533739365854e-01
-3.531204458586394423e-01,1.199632156361121749e-01,-2.439406969206746323e-01,-1.544470397258044692e+00,2.485858374905505763e-01
-3.510377857499388798e-01,1.165674220197614741e-01,-2.448709928762444754e-01,-1.545831607864605051e+00,2.492802408062863018e-01
-3.489087252230591019e-01,1.131716284034107733e-01,-2.457550894605915748e-01,-1.547313658290480287e+00,2.499202564167537499e-01
-3.467340304247932270e-01,1.097758347870601142e-01,-2.465934464913772106e-01,-1.548913072477925423e+00,2.505065843537139236e-01
-3.575393860068237784e-01,1.274405656886931359e-01,-2.417275049729689651e-01,-1.541914672481643489e+00,2.468625130238842336e-01
-3.663214681420670638e-01,1.437319598673847953e-01,-2.360851161416389898e-01,-1.538639421281643438e+00,2.421431800245306964e-01
