eta,fp,Fp,t,tp
0.000000000000000000e+00,-2.706845505794825968e-01,-1.031311841704381227e-01,7.777983109877504297e-01,1.492302030481419961e-01
7.499999999999999722e-03,-2.684947971200824512e-01,-1.022968817472661995e-01,7.613187626915609574e-01,1.462009932708665250e-01
1.499999999999999944e-02,-2.663227580359937563e-01,-1.014693285583025129e-01,7.452045910811656571e-01,1.432357168814327730e-01
2.249999999999999917e-02,-2.641682900239283871e-01,-1.006484700044777414e-01,7.294472863455069289e-01,1.403329678992996654e-01
2.999999999999999889e-02,-2.620312509398720069e-01,-9.983425192841068052e-02,7.140385478992272716e-01,1.374913726534746639e-01
3.749999999999999861e-02,-2.599114997897062351e-01,-9.902662061083511436e-02,6.989702789201300837e-01,1.347095890034258059e-01
4.499999999999999833e-02,-2.578088967199062553e-01,-9.822552276705565077e-02,6.842345810390294547e-01,1.319863055798171925e-01
5.249999999999999806e-02,-2.557233030083138625e-01,-9.743090554343215859e-02,6.698237491774228225e-01,1.293202410445315753e-01
5.999999999999999778e-02,-2.536545810549851732e-01,-9.664271651389268192e-02,6.557302665285666965e-01,1.267101433694602930e-01
6.750000000000000444e-02,-2.516025943731121650e-01,-9.586090367647458199e-02,6.419467996776788699e-01,1.241547891335549880e-01
7.499999999999999722e-02,-2.495672075800179079e-01,-9.508541544989362881e-02,6.284661938571288742e-01,1.216529828376506223e-01
8.249999999999999001e-02,-2.475482863882244866e-01,-9.431620067014083453e-02,6.152814683326078837e-01,1.192035562365829499e-01
8.999999999999999667e-02,-2.455456975965933097e-01,-9.355320858710687582e-02,6.023858119164016145e-01,1.168053676881377068e-01
9.750000000000000333e-02,-2.435593090815369732e-01,-9.279638886123374453e-02,5.897725786040091123e-01,1.144573015183815295e-01
1.049999999999999961e-01,-2.415889897883021498e-01,-9.204569156019358489e-02,5.774352833304738919e-01,1.121582674029378279e-01
1.124999999999999889e-01,-2.396346097223232829e-01,-9.130106715559427322e-02,5.653675978429042459e-01,1.099071997637830894e-01
1.199999999999999956e-01,-2.376960399406459201e-01,-9.056246651971176786e-02,5.535633466857768914e-01,1.077030571811511406e-01
1.275000000000000022e-01,-2.357731525434195730e-01,-8.982984092224884087e-02,5.420165032957202644e-01,1.055448218201446159e-01
1.350000000000000089e-01,-2.338658206654594118e-01,-8.910314202711995535e-02,5.307211862025801308e-01,1.034314988716642930e-01
1.425000000000000155e-01,-2.319739184678761834e-01,-8.838232188926235799e-02,5.196716553336719890e-01,1.013621160072776806e-01
1.499999999999999944e-01,-2.300973211297737686e-01,-8.766733295147272065e-02,5.088623084182183343e-01,9.933572284765927740e-02
1.574999999999999734e-01,-2.282359048400141033e-01,-8.695812804126953899e-02,4.982876774890642735e-01,9.735139044424491461e-02
1.649999999999999800e-01,-2.263895467890484348e-01,-8.625466036778087209e-02,4.879424254788585769e-01,9.540821077375284676e-02
1.724999999999999867e-01,-2.245581251608150530e-01,-8.555688351865722852e-02,4.778213429079675723e-01,9.350529624523380712e-02
1.799999999999999933e-01,-2.227415191247020532e-01,-8.486475145700947409e-02,4.679193446614817731e-01,9.164177921932184501e-02
1.875000000000000000e-01,-2.209396088275756287e-01,-8.417821851837145597e-02,4.582314668527516233e-01,8.981681153936675599e-02
1.950000000000000067e-01,-2.191522753858724526e-01,-8.349723940768723207e-02,4.487528637709697898e-01,8.802956407413786710e-02
2.025000000000000133e-01,-2.173794008777563402e-01,-8.282176919632272538e-02,4.394788049103945382e-01,8.627922627179759885e-02
2.099999999999999922e-01,-2.156208683353380839e-01,-8.215176331910140073e-02,4.304046720788802238e-01,8.456500572485149692e-02
2.174999999999999711e-01,-2.138765617369584870e-01,-8.148717757136408890e-02,4.215259565834555966e-01,8.288612774578953124e-02
2.249999999999999778e-01,-2.121463659995335427e-01,-8.082796810605248627e-02,4.128382564907570051e-01,8.124183495314141190e-02
2.324999999999999845e-01,-2.104301669709618128e-01,-8.017409143081632994e-02,4.043372739601919785e-01,7.963138686767630425e-02
2.399999999999999911e-01,-2.087278514225931469e-01,-7.952550440514387364e-02,3.960188126477728332e-01,7.805405951848458368e-02
2.474999999999999978e-01,-2.070393070417581305e-01,-7.888216423751567841e-02,3.878787751786224591e-01,7.650914505868665338e-02
2.550000000000000044e-01,-2.053644224243582062e-01,-7.824402848258132925e-02,3.799131606862152233e-01,7.499595139052082915e-02
2.625000000000000111e-01,-2.037030870675157479e-01,-7.761105503835914743e-02,3.721180624164739936e-01,7.351380179956883143e-02
2.700000000000000178e-01,-2.020551913622833373e-01,-7.698320214345834300e-02,3.644896653949017407e-01,7.206203459788436405e-02
2.775000000000000244e-01,-2.004206265864122705e-01,-7.636042837432380215e-02,3.570242441549798529e-01,7.064000277579636500e-02
2.850000000000000311e-01,-1.987992848971794624e-01,-7.574269264250310663e-02,3.497181605261195925e-01,6.924707366216484306e-02
2.924999999999999822e-01,-1.971910593242724719e-01,-7.512995419193570223e-02,3.425678614795030219e-01,6.788262859287330642e-02
2.999999999999999889e-01,-1.955958437627317859e-01,-7.452217259626386925e-02,3.355698770302010248e-01,6.654606258734729884e-02
3.074999999999999956e-01,-1.940135329659507524e-01,-7.391930775616563365e-02,3.287208181940030061e-01,6.523678403289498440e-02
3.149999999999999467e-01,-1.924440225387314685e-01,-7.332131989670910566e-02,3.220173749974394872e-01,6.395421437667023201e-02
3.224999999999999534e-01,-1.908872089303974007e-01,-7.272816956472830108e-02,3.154563145395242185e-01,6.269778782506475745e-02
3.299999999999999600e-01,-1.893429894279614611e-01,-7.213981762622015403e-02,3.090344791037865080e-01,6.146695105034111900e-02
3.374999999999999667e-01,-1.878112621493493728e-01,-7.155622526376258230e-02,3.027487843192050998e-01,6.026116290432260991e-02
3.449999999999999734e-01,-1.862919260366778240e-01,-7.097735397395348034e-02,2.965962173686978454e-01,5.907989413896212044e-02
3.524999999999999800e-01,-1.847848808495871631e-01,-7.040316556487037636e-02,2.905738352438599348e-01,5.792262713361592125e-02
3.599999999999999867e-01,-1.832900271586278551e-01,-6.983362215355072566e-02,2.846787630446812045e-01,5.678885562885337135e-02
3.674999999999999933e-01,-1.818072663387005072e-01,-6.926868616349243779e-02,2.789081923230121163e-01,5.567808446663807115e-02
3.750000000000000000e-01,-1.803365005625489625e-01,-6.870832032217480401e-02,2.732593794685820865e-01,5.458982933672014426e-02
3.825000000000000067e-01,-1.788776327943060185e-01,-6.815248765859932556e-02,2.677296441364098167e-01,5.352361652908380757e-02
3.900000000000000133e-01,-1.774305667830914368e-01,-6.760115150085055369e-02,2.623163677144781936e-01,5.247898269229837875e-02
3.975000000000000200e-01,-1.759952070566615512e-01,-6.705427547367658059e-02,2.570169918305808543e-01,5.145547459762495751e-02
4.050000000000000266e-01,-1.745714589151104723e-01,-6.651182349608912581e-02,2.518290168972762144e-01,5.045264890873491642e-02
4.124999999999999778e-01,-1.731592284246221136e-01,-6.597375977898305155e-02,2.467500006939186696e-01,4.947007195690008435e-02
4.199999999999999845e-01,-1.717584224112727598e-01,-6.544004882277514035e-02,2.417775569847642470e-01,4.850731952151823845e-02
4.274999999999999911e-01,-1.703689484548839006e-01,-6.491065541506195469e-02,2.369093541721780383e-01,4.756397661584114978e-02
4.349999999999999423e-01,-1.689907148829245809e-01,-6.438554462829662595e-02,2.321431139839977842e-01,4.663963727777580698e-02
4.424999999999999489e-01,-1.676236307644632106e-01,-6.386468181748450323e-02,2.274766101941360641e-01,4.573390436563286310e-02
4.499999999999999556e-01,-1.662676059041684196e-01,-6.334803261789735684e-02,2.229076673755291949e-01,4.484638935869977860e-02
4.574999999999999623e-01,-1.649225508363580950e-01,-6.283556294280616406e-02,2.184341596845664479e-01,4.397671216251910348e-02
4.649999999999999689e-01,-1.635883768190970200e-01,-6.232723898123215117e-02,2.140540096761580913e-01,4.312450091875565106e-02
4.724999999999999756e-01,-1.622649958283417237e-01,-6.182302719571608485e-02,2.097651871486247432e-01,4.228939181953926540e-02
4.799999999999999822e-01,-1.609523205521333211e-01,-6.132289432010559066e-02,2.055657080176133689e-01,4.147102892617281211e-02
4.874999999999999889e-01,-1.596502643848366765e-01,-6.082680735736037403e-02,2.014536332182682854e-01,4.066906399209797157e-02
4.949999999999999956e-01,-1.583587414214266964e-01,-6.033473357737518389e-02,1.974270676349069997e-01,3.988315629001405738e-02
5.024999999999999467e-01,-1.570776664518206134e-01,-5.984664051482041502e-02,1.934841590574718773e-01,3.911297244304793447e-02
5.100000000000000089e-01,-1.558069549552560662e-01,-5.936249596700014786e-02,1.896230971640493479e-01,3.835818625987565816e-02
5.175000000000000711e-01,-1.545465230947148105e-01,-5.888226799172753545e-02,1.858421125287684772e-01,3.761847857369909898e-02
5.250000000000000222e-01,-1.532962877113914490e-01,-5.840592490521739899e-02,1.821394756544092441e-01,3.689353708498319118e-02
5.324999999999999734e-01,-1.520561663192068758e-01,-5.793343527999578885e-02,1.785134960290702955e-01,3.618305620786188559e-02
5.400000000000000355e-01,-1.508260770993662681e-01,-5.746476794282655981e-02,1.749625212062645707e-01,3.548673692012351694e-02
5.474999999999999867e-01,-1.496059388949608493e-01,-5.699989197265466906e-02,1.714849359078274571e-01,3.480428661668814178e-02
5.549999999999999378e-01,-1.483956712056136162e-01,-5.653877669856609278e-02,1.680791611490401460e-01,3.413541896649189417e-02
5.625000000000000000e-01,-1.471951941821680321e-01,-5.608139169776429206e-02,1.647436533853876561e-01,3.347985377269573071e-02
5.699999999999999512e-01,-1.460044286214201292e-01,-5.562770679356301984e-02,1.614769036803870572e-01,3.283731683613762276e-02
5.774999999999999023e-01,-1.448232959608927450e-01,-5.517769205339537880e-02,1.582774368939354748e-01,3.220753982194973775e-02
5.849999999999999645e-01,-1.436517182736523623e-01,-5.473131778683893583e-02,1.551438108906456892e-01,3.159026012926383770e-02
5.925000000000000266e-01,-1.424896182631678332e-01,-5.428855454365693473e-02,1.520746157676489962e-01,3.098522076393039199e-02
5.999999999999999778e-01,-1.413369192582105416e-01,-5.384937311185521852e-02,1.490684731013607878e-01,3.039217021417835521e-02
6.074999999999999289e-01,-1.401935452077960331e-01,-5.341374451575491705e-02,1.461240352127176345e-01,2.981086232914484033e-02
6.149999999999999911e-01,-1.390594206761663065e-01,-5.298164001408077473e-02,1.432399844504088360e-01,2.924105620020551674e-02
6.225000000000000533e-01,-1.379344708378130446e-01,-5.255303109806488265e-02,1.404150324916375037e-01,2.868251604503828031e-02
6.300000000000000044e-01,-1.368186214725407024e-01,-5.212788948956579432e-02,1.376479196599596500e-01,2.813501109435447706e-02
6.374999999999999556e-01,-1.357117989605698682e-01,-5.170618713920280274e-02,1.349374142597613013e-01,2.759831548123365189e-02
6.450000000000000178e-01,-1.346139302776800939e-01,-5.128789622450535823e-02,1.322823119269473657e-01,2.707220813299941395e-02
6.524999999999999689e-01,-1.335249429903919982e-01,-5.087298914807746042e-02,1.296814349954252543e-01,2.655647266557553329e-02
6.599999999999999201e-01,-1.324447652511883400e-01,-5.046143853577684385e-02,1.271336318789789699e-01,2.605089728026285453e-02
6.674999999999999822e-01,-1.313733257937738652e-01,-5.005321723490896435e-02,1.246377764681405736e-01,2.555527466287927860e-02
6.749999999999999334e-01,-1.303105539283734293e-01,-4.964829831243555008e-02,1.221927675416757397e-01,2.506940188520637158e-02
6.824999999999998845e-01,-1.292563795370680335e-01,-4.924665505319764103e-02,1.197975281923103763e-01,2.459308030868751979e-02
6.899999999999999467e-01,-1.282107330691688585e-01,-4.884826095815304747e-02,1.174510052663366444e-01,2.412611549032414940e-02
6.975000000000000089e-01,-1.271735455366284351e-01,-4.845308974262801244e-02,1.151521688167449348e-01,2.366831709071762907e-02
7.049999999999999600e-01,-1.261447485094892018e-01,-4.806111533458307106e-02,1.129000115695386192e-01,2.321949878420586505e-02
7.124999999999999112e-01,-1.251242741113686163e-01,-4.767231187289288491e-02,1.106935484028973293e-01,2.277947817104490624e-02
7.199999999999999734e-01,-1.241120550149809876e-01,-4.728665370564000270e-02,1.085318158388641069e-01,2.234807669158707030e-02
7.275000000000000355e-01,-1.231080244376955429e-01,-4.690411538842251260e-02,1.064138715472393582e-01,2.192511954240830216e-02
7.349999999999999867e-01,-1.221121161371302583e-01,-4.652467168267522546e-02,1.043387938613738186e-01,2.151043559433864910e-02
7.424999999999999378e-01,-1.211242644067814511e-01,-4.614829755400457617e-02,1.023056813055606279e-01,2.110385731235085716e-02
7.500000000000000000e-01,-1.201444040716887207e-01,-4.577496817053691713e-02,1.003136521337348319e-01,2.070522067726327659e-02
7.575000000000000622e-01,-1.191724704841349708e-01,-4.540465890128023846e-02,9.836184387919615080e-02,2.031436510921431904e-02
7.650000000000000133e-01,-1.182083995193812104e-01,-4.503734531449905820e-02,9.644941291507812264e-02,1.993113339286660748e-02
7.724999999999999645e-01,-1.172521275714357436e-01,-4.467300317610253119e-02,9.457553402529481068e-02,1.955537160430027843e-02
7.800000000000000266e-01,-1.163035915488577487e-01,-4.431160844804555438e-02,9.273939998570264465e-02,1.918692903955565576e-02
7.874999999999999778e-01,-1.153627288705948162e-01,-4.395313728674284104e-02,9.094022115522244765e-02,1.882565814478659449e-02
7.949999999999999289e-01,-1.144294774618539318e-01,-4.359756604149580411e-02,8.917722507667266707e-02,1.847141444798671567e-02
8.024999999999999911e-01,-1.135037757500060723e-01,-4.324487125293213774e-02,8.744965608707229443e-02,1.812405649225164866e-02
8.099999999999999423e-01,-1.125855626605239967e-01,-4.289502965145809699e-02,8.575677493717788480e-02,1.778344577054146239e-02
8.174999999999998934e-01,-1.116747776129525388e-01,-4.254801815572323287e-02,8.409785842002459599e-02,1.744944666190798369e-02
8.249999999999999556e-01,-1.107713605169119153e-01,-4.220381387109753413e-02,8.247219900824863392e-02,1.712192636915305100e-02
8.325000000000000178e-01,-1.098752517681331614e-01,-4.186239408816098961e-02,8.087910449997304241e-02,1.680075485788413980e-02
8.399999999999999689e-01,-1.089863922445255956e-01,-4.152373628120526600e-02,7.931789767304495142e-02,1.648580479693484771e-02
8.474999999999999201e-01,-1.081047233022762177e-01,-4.118781810674750771e-02,7.778791594741787940e-02,1.617695150011846592e-02
8.549999999999999822e-01,-1.072301867719805679e-01,-4.085461740205625220e-02,7.628851105547829192e-02,1.587407286928363762e-02
8.625000000000000444e-01,-1.063627249548049630e-01,-4.052411218368918988e-02,7.481904872012030971e-02,1.557704933864186708e-02
8.699999999999999956e-01,-1.055022806186797779e-01,-4.019628064604276879e-02,7.337890834037799626e-02,1.528576382033727983e-02
8.774999999999999467e-01,-1.046487969945233409e-01,-3.987110115991354675e-02,7.196748268442930418e-02,1.500010165122991034e-02
8.850000000000000089e-01,-1.038022177724966799e-01,-3.954855227107115234e-02,7.058417758979083911e-02,1.471995054086438354e-02
8.924999999999999600e-01,-1.029624870982883272e-01,-3.922861269884286156e-02,6.922841167052713740e-02,1.444520052059656071e-02
8.999999999999999112e-01,-1.021295495694292815e-01,-3.891126133470951265e-02,6.789961603130235945e-02,1.417574389385133256e-02
9.074999999999999734e-01,-1.013033502316377232e-01,-3.859647724091289089e-02,6.659723398810750428e-02,1.391147518748550929e-02
9.149999999999999245e-01,-1.004838345751934287e-01,-3.828423964907430588e-02,6.532072079549977595e-02,1.365229110423028455e-02
9.224999999999998757e-01,-9.967094853134127186e-02,-3.797452795882436810e-02,6.406954338019528461e-02,1.339809047618832627e-02
9.299999999999999378e-01,-9.886463846872410588e-02,-3.766732173644386089e-02,6.284318008086038632e-02,1.314877421936130712e-02
9.375000000000000000e-01,-9.806485118984430149e-02,-3.736260071351558965e-02,6.164112039395080317e-02,1.290424528918412278e-02
9.449999999999999512e-01,-9.727153392755399919e-02,-3.706034478558715289e-02,6.046286472545138457e-02,1.266440863704262725e-02
9.524999999999999023e-01,-9.648463434157365792e-02,-3.676053401084449640e-02,5.930792414837341570e-02,1.242917116775235122e-02
9.599999999999999645e-01,-9.570410051503892845e-02,-3.646314860879625724e-02,5.817582016586992505e-02,1.219844169797615688e-02
9.675000000000000266e-01,-9.492988095107532387e-02,-3.616816895896869666e-02,5.706608447983293336e-02,1.197213091555928734e-02
9.749999999999999778e-01,-9.416192456940068733e-02,-3.587557559961122855e-02,5.597825876483988883e-02,1.175015133976080491e-02
9.824999999999999289e-01,-9.340018070295501296e-02,-3.558534922641236331e-02,5.491189444732029468e-02,1.153241728236093465e-02
9.899999999999999911e-01,-9.264459909455771691e-02,-3.529747069122611547e-02,5.386655248981653960e-02,1.131884480962428927e-02
9.974999999999999423e-01,-9.189512989359181760e-02,-3.501192100080869479e-02,5.284180318021617501e-02,1.110935170509943538e-02
1.004999999999999893e+00,-9.115172365271494159e-02,-3.472868131556534205e-02,5.183722592583581840e-02,1.090385743323570196e-02
1.012499999999999956e+00,-9.041433132459704425e-02,-3.444773294830738575e-02,5.085240905224035213e-02,1.070228310379863976e-02
1.020000000000000018e+00,-8.968290425868435944e-02,-3.416905736301935337e-02,4.988694960668352968e-02,1.050455143706593812e-02
1.027500000000000080e+00,-8.895739419798973091e-02,-3.389263617363599823e-02,4.894045316605913354e-02,1.031058672978602507e-02
1.035000000000000142e+00,-8.823775327590867301e-02,-3.361845114282926983e-02,4.801253364925474332e-02,1.012031482188205204e-02
1.042499999999999982e+00,-8.752393401306141074e-02,-3.334648418080506799e-02,4.710281313380274004e-02,9.933663063884309863e-03
1.050000000000000044e+00,-8.681588931416023280e-02,-3.307671734410974618e-02,4.621092167672572609e-02,9.750560285074545697e-03
1.057500000000000107e+00,-8.611357246490247697e-02,-3.280913283444627376e-02,4.533649713947657256e-02,9.570936762326122740e-03
1.064999999999999947e+00,-8.541693712888841217e-02,-3.254371299749997393e-02,4.447918501687503356e-02,9.394724189624144642e-03
1.072500000000000009e+00,-8.472593734456410064e-02,-3.228044032177371236e-02,4.363863826994595491e-02,9.221855648250228826e-03
1.080000000000000071e+00,-8.404052752218910127e-02,-3.201929743743260615e-02,4.281451716256644280e-02,9.052265577616959782e-03
1.087499999999999911e+00,-8.336066244082858401e-02,-3.176026711515800294e-02,4.200648910183110013e-02,8.885889746737223385e-03
1.094999999999999973e+00,-8.268629724536978587e-02,-3.150333226501071671e-02,4.121422848204730344e-02,8.722665226314181910e-03
1.109999999999999876e+00,-8.135388890320452426e-02,-3.099568131152858133e-02,3.967574117318541094e-02,8.405424745953616467e-03
1.125000000000000000e+00,-8.004295085925047792e-02,-3.049621060239687820e-02,3.819658442064804288e-02,8.100065711984058558e-03
1.139999999999999902e+00,-7.875313714341516946e-02,-3.000478832192546297e-02,3.677438980616773434e-02,7.806128841167376056e-03
1.154999999999999805e+00,-7.748410736052765979e-02,-2.952128477848866075e-02,3.540688689990997146e-02,7.523173198535920529e-03
1.169999999999999929e+00,-7.623552660050510188e-02,-2.904557237029832886e-02,3.409189905486766092e-02,7.250775439416387060e-03
1.185000000000000053e+00,-7.500706534996670616e-02,-2.857752555172848874e-02,3.282733938871784662e-02,6.988529083840824309e-03
1.199999999999999956e+00,-7.379839940527198328e-02,-2.811702080018253086e-02,3.161120694444648216e-02,6.736043821912674791e-03
1.214999999999999858e+00,-7.260920978696018546e-02,-2.766393658349432239e-02,3.044158302146804385e-02,6.492944848761377646e-03
1.229999999999999982e+00,-7.143918265556865876e-02,-2.721815332785467237e-02,2.931662766936591474e-02,6.258872227781550092e-03
1.245000000000000107e+00,-7.028800922880752700e-02,-2.677955338625457801e-02,2.823457633675866343e-02,6.033480280912275132e-03
1.260000000000000009e+00,-6.915538570006901642e-02,-2.634802100743696696e-02,2.719373666815737278e-02,5.816437004768716494e-03
1.274999999999999911e+00,-6.804101315824996610e-02,-2.592344230534876851e-02,2.619248544202127868e-02,5.607423511492348744e-03
1.290000000000000036e+00,-6.694459750886629090e-02,-2.550570522908521265e-02,2.522926564354387516e-02,5.406133493237564973e-03
1.304999999999999938e+00,-6.586584939643863601e-02,-2.509469953331849162e-02,2.430258366601010731e-02,5.212272709261433871e-03
1.319999999999999840e+00,-6.480448412812854497e-02,-2.469031674920283206e-02,2.341100663485835842e-02,5.025558494630127937e-03
1.334999999999999964e+00,-6.376022159860533778e-02,-2.429245015574850800e-02,2.255315984886008263e-02,4.845719289600159026e-03
1.349999999999999867e+00,-6.273278621612360384e-02,-2.390099475165707171e-02,2.172772433309426085e-02,4.672494188774955863e-03
1.364999999999999769e+00,-6.172190682979174919e-02,-2.351584722761042301e-02,2.093343449864564637e-02,4.505632509177800483e-03
1.379999999999999893e+00,-6.072731665801273104e-02,-2.313690593900642051e-02,2.016907590419535906e-02,4.344893376420792819e-03
1.395000000000000018e+00,-5.974875321807777973e-02,-2.276407087913386723e-02,1.943348311489961899e-02,4.190045328186262769e-03
1.409999999999999920e+00,-5.878595825689462984e-02,-2.239724365277967824e-02,1.872553765416871616e-02,4.040865934272113921e-03
1.424999999999999822e+00,-5.783867768283197652e-02,-2.203632745026139553e-02,1.804416604416422126e-02,3.897141432486104021e-03
1.439999999999999947e+00,-5.690666149866224072e-02,-2.168122702187809739e-02,1.738833793102811595e-02,3.758666379705955830e-03
1.455000000000000071e+00,-5.598966373558490750e-02,-2.133184865277306178e-02,1.675706429104347958e-02,3.625243317452592640e-03
1.469999999999999973e+00,-5.508744238831288914e-02,-2.098810013820144246e-02,1.614939571410357530e-02,3.496682451352866629e-03
1.484999999999999876e+00,-5.419975935120494026e-02,-2.064989075919645978e-02,1.556442076103466653e-02,3.372801343895831874e-03
1.500000000000000000e+00,-5.332638035542729138e-02,-2.031713125862777067e-02,1.500126439147820082e-02,3.253424619913045362e-03
1.515000000000000124e+00,-5.246707490712781974e-02,-1.998973381764558230e-02,1.445908645919060688e-02,3.138383684238570982e-03
1.530000000000000027e+00,-5.162161622660644406e-02,-1.966761203250436824e-02,1.393708027176404282e-02,3.027516451028433413e-03
1.544999999999999929e+00,-5.078978118846568662e-02,-1.935068089175999775e-02,1.343447121190987671e-02,2.920667084242223495e-03
1.560000000000000053e+00,-4.997135026272574165e-02,-1.903885675383436976e-02,1.295051541757815013e-02,2.817685748811473660e-03
1.574999999999999956e+00,-4.916610745688837492e-02,-1.873205732494153883e-02,1.248449851831165414e-02,2.718428372040327529e-03
1.589999999999999858e+00,-4.837384025893431971e-02,-1.843020163736952197e-02,1.203573442535239672e-02,2.622756414803967175e-03
1.604999999999999982e+00,-4.759433958123928526e-02,-1.813321002811209282e-02,1.160356417313216856e-02,2.530536652129368631e-03
1.619999999999999885e+00,-4.682739970539370744e-02,-1.784100411784491150e-02,1.118735480988687116e-02,2.441640962761104042e-03
1.634999999999999787e+00,-4.607281822791159387e-02,-1.755350679024038005e-02,1.078649833523739020e-02,2.355946127332276922e-03
1.649999999999999911e+00,-4.533039600681423170e-02,-1.727064217161585619e-02,1.040041068267817843e-02,2.273333634777296476e-03
1.665000000000000036e+00,-4.459993710907473458e-02,-1.699233561090983044e-02,1.002853074500807684e-02,2.193689496639003329e-03
1.679999999999999938e+00,-4.388124875890930116e-02,-1.671851365998072020e-02,9.670319440827072899e-03,2.116904068937780145e-03
1.694999999999999840e+00,-4.317414128690180708e-02,-1.644910405422313898e-02,9.325258820307736132e-03,2.042871881284738685e-03
1.709999999999999964e+00,-4.247842807994817865e-02,-1.618403569349653043e-02,8.992851208530952545e-03,1.971491472934878454e-03
1.725000000000000089e+00,-4.179392553200735050e-02,-1.592323862336110507e-02,8.672618384752755691e-03,1.902665235489255265e-03
1.739999999999999991e+00,-4.112045299564581063e-02,-1.566664401661614983e-02,8.364100796042548899e-03,1.836299261967816367e-03
1.754999999999999893e+00,-4.045783273436295846e-02,-1.541418415513579401e-02,8.066856803803205272e-03,1.772303201986571595e-03
1.770000000000000018e+00,-3.980588987568463299e-02,-1.516579241199750641e-02,7.780461961750344962e-03,1.710590122784265074e-03
1.784999999999999920e+00,-3.916445236501263361e-02,-1.492140323389857387e-02,7.504508323991795210e-03,1.651076375854686803e-03
1.799999999999999822e+00,-3.853335092021770852e-02,-1.468095212385587753e-02,7.238603781908989517e-03,1.593681468951241341e-03
1.814999999999999947e+00,-3.791241898696435381e-02,-1.444437562418448943e-02,6.982371428600123511e-03,1.538327943240443791e-03
1.829999999999999849e+00,-3.730149269475551560e-02,-1.421161129975053242e-02,6.735448949700053624e-03,1.484941255390565939e-03
1.844999999999999751e+00,-3.670041081368544816e-02,-1.398259772149388312e-02,6.497488039444654188e-03,1.433449664390816936e-03
1.859999999999999876e+00,-3.610901471188960460e-02,-1.375727445021641786e-02,6.268153840897725849e-03,1.383784122905210631e-03
1.875000000000000000e+00,-3.552714831368009724e-02,-1.353558202063148350e-02,6.047124409306430838e-03,1.335878172973618046e-03
1.889999999999999902e+00,-3.495465805835576423e-02,-1.331746192567037981e-02,5.834090197597036932e-03,1.289667845880504947e-03
1.919999999999999929e+00,-3.383720406758269211e-02,-1.289170941064751025e-02,5.430828312033121955e-03,1.202090062092476836e-03
1.949999999999999956e+00,-3.275547302824455276e-02,-1.247956743175517025e-02,5.056121495271493314e-03,1.120585244045424608e-03
1.979999999999999982e+00,-3.170832294382502914e-02,-1.208060088506252537e-02,4.707891906592613120e-03,1.044721928464809567e-03
2.009999999999999787e+00,-3.069464832529822731e-02,-1.169438857610777954e-02,4.384217444297468756e-03,9.741001465149528270e-04
2.040000000000000036e+00,-2.971337902405324707e-02,-1.132052277523837823e-02,4.083319704888606870e-03,9.083490572871522626e-04
2.069999999999999840e+00,-2.876347910212800549e-02,-1.095860878716617935e-02,3.803552903039765336e-03,8.471247645069374544e-04
2.100000000000000089e+00,-2.784394573855934751e-02,-1.060826453428307531e-02,3.543393673229551250e-03,7.901083018441861254e-04
2.129999999999999893e+00,-2.695380817069526619e-02,-1.026912015329731198e-02,3.301431680639363084e-03,7.370037734107183535e-04
2.160000000000000142e+00,-2.609212666935113376e-02,-9.940817604764503462e-03,3.076360975050095124e-03,6.875366371292167744e-04
2.189999999999999947e+00,-2.525799154672845465e-02,-9.623010295101274564e-03,2.866972027070572530e-03,6.414521196639634548e-04
2.219999999999999751e+00,-2.445052219604834307e-02,-9.315362710682366029e-03,2.672144391140555270e-03,5.985137525257421941e-04
2.250000000000000000e+00,-2.366886616188622686e-02,-9.017550063634992286e-03,2.490839944417448659e-03,5.585020198078792953e-04
2.279999999999999805e+00,-2.291219824022619478e-02,-8.729257948956506072e-03,2.322096654917570318e-03,5.212131087842804917e-04
2.310000000000000053e+00,-2.217971960728473690e-02,-8.450182012593314071e-03,2.165022836176601004e-03,4.864577553096536156e-04
2.339999999999999858e+00,-2.147065697618452326e-02,-8.180027630130749100e-03,2.018791849252420372e-03,4.540601766124165314e-04
2.370000000000000107e+00,-2.078426178058754084e-02,-7.918509595754564395e-03,1.882637216146351407e-03,4.238570846670642982e-04
2.399999999999999911e+00,-2.011980938442609057e-02,-7.665351821155809951e-03,1.755848111693532419e-03,3.956967738797271335e-04
2.429999999999999716e+00,-1.947659831689701332e-02,-7.420287044061088348e-03,1.637765203693628815e-03,3.694382773223746819e-04
2.459999999999999964e+00,-1.885394953191182540e-02,-7.183056546080600173e-03,1.527776813542350461e-03,3.449505862115651933e-04
2.489999999999999769e+00,-1.825120569122079192e-02,-6.953409879576050688e-03,1.425315371902048569e-03,3.221119277502017286e-04
2.520000000000000018e+00,-1.766773047045408496e-02,-6.731104603260047725e-03,1.329854146034823445e-03,3.008090968387023938e-04
2.549999999999999822e+00,-1.710290788734762299e-02,-6.515906026247942316e-03,1.240904217330814291e-03,2.809368375182234694e-04
2.580000000000000071e+00,-1.655614165144411384e-02,-6.307586960291795310e-03,1.158011689312806293e-03,2.623972703357240637e-04
2.609999999999999876e+00,-1.602685453458304113e-02,-6.105927479935018519e-03,1.080755108000195025e-03,2.450993621212302245e-04
2.639999999999999680e+00,-1.551448776151479088e-02,-5.910714690334371336e-03,1.008743077983035490e-03,2.289584349437934099e-04
2.669999999999999929e+00,-1.501850041999575579e-02,-5.721742502504288327e-03,9.416120589022553434e-04,2.138957112664568354e-04
2.699999999999999734e+00,-1.453836888974157845e-02,-5.538811415746219824e-03,8.790243282653771801e-04,1.998378925538348417e-04
2.729999999999999982e+00,-1.407358628963560447e-02,-5.361728307033278643e-03,8.206660976580385089e-04,1.867167688004207514e-04
2.759999999999999787e+00,-1.362366194260914744e-02,-5.190306227127903724e-03,7.662457704489492472e-04,1.744688566450155272e-04
2.790000000000000036e+00,-1.318812085762839821e-02,-5.024364203217214671e-03,7.154923300375408890e-04,1.630350639181127868e-04
2.819999999999999840e+00,-1.276650322824134445e-02,-4.863727047857795832e-03,6.681538485669236485e-04,1.523603786360315298e-04
2.850000000000000089e+00,-1.235836394715508595e-02,-4.708225174028111276e-03,6.239961068262926376e-04,1.423935806092016304e-04
2.879999999999999893e+00,-1.196327213633130784e-02,-4.557694416093390800e-03,5.828013168028893477e-04,1.330869739734161662e-04
2.909999999999999698e+00,-1.158081069210360400e-02,-4.411975856493901248e-03,5.443669390193727961e-04,1.243961390830277346e-04
2.939999999999999947e+00,-1.121057584483661426e-02,-4.270915657973688682e-03,5.085045874132074943e-04,1.162797023249368848e-04
2.969999999999999751e+00,-1.085217673266201596e-02,-4.134364901172659680e-03,4.750390150849247541e-04,1.086991225226085925e-04
3.000000000000000000e+00,-1.050523498884131830e-02,-4.002179427410514773e-03,4.438071747661424772e-04,1.016184927010437434e-04
3.029999999999999805e+00,-1.016938434231997104e-02,-3.874219686496625965e-03,4.146573483399089172e-04,9.500435607733267247e-05
3.060000000000000053e+00,-9.844270231050918432e-03,-3.750350589405106270e-03,3.874483401887121418e-04,8.882553522775655565e-05
3.089999999999999858e+00,-9.529549427679551502e-03,-3.630441365659623550e-03,3.620487295527093823e-04,8.305297346199856819e-05
3.120000000000000107e+00,-9.224889677194722179e-03,-3.514365425277319200e-03,3.383361774552051606e-04,7.765958750839530955e-05
3.149999999999999911e+00,-8.929969346163461885e-03,-3.402000225126157809e-03,3.161967840969610584e-04,7.262013068182674835e-05
3.179999999999999716e+00,-8.644477083178911045e-03,-3.293227139554554678e-03,2.955244929379113807e-04,6.791106576824091788e-05
3.209999999999999964e+00,-8.368111490163159319e-03,-3.187931335156748459e-03,2.762205379766458514e-04,6.351044691738243534e-05
3.239999999999999769e+00,-8.100580804177895736e-03,-3.086001649541698314e-03,2.581929310065963850e-04,5.939780988840593311e-05
3.270000000000000018e+00,-7.841602589406939522e-03,-2.987330473977490349e-03,2.413559858751650699e-04,5.555407004207553684e-05
3.299999999999999822e+00,-7.590903438985567922e-03,-2.891813639787415777e-03,2.256298769997944046e-04,5.196142751849864948e-05
3.330000000000000071e+00,-7.348218686361735787e-03,-2.799350308377724326e-03,2.109402296047550862e-04,4.860327908111209040e-05
3.359999999999999876e+00,-7.113292125884594641e-03,-2.709842864781014660e-03,1.972177393357339302e-04,4.546413614621471464e-05
3.389999999999999680e+00,-6.885875742325219158e-03,-2.623196814602821343e-03,1.843978190874117642e-04,4.252954855296262152e-05
3.419999999999999929e+00,-6.665729449044075806e-03,-2.539320684262642500e-03,1.724202710434142541e-04,3.978603366165556362e-05
3.449999999999999734e+00,-6.452620834528795951e-03,-2.458125924424078759e-03,1.612289820793720303e-04,3.722101039854778100e-05
3.479999999999999982e+00,-6.246324917034612456e-03,-2.379526816512113861e-03,1.507716408193989931e-04,3.482273789351624757e-05
3.509999999999999787e+00,-6.046623907068541907e-03,-2.303440382218890133e-03,1.409994747650314569e-04,3.258025838289300611e-05
3.540000000000000036e+00,-5.853306977466446286e-03,-2.229786295902391659e-03,1.318670060344101979e-04,3.048334407377687502e-05
3.569999999999999840e+00,-5.666170040820343520e-03,-2.158486799785600853e-03,1.233318243590668102e-04,2.852244768834407077e-05
3.599999999999999645e+00,-5.485015534020912763e-03,-2.089466621866564212e-03,1.153543760867829256e-04,2.668865642720788091e-05
3.629999999999999893e+00,-5.309652209687795547e-03,-2.022652896452730841e-03,1.078977680323351724e-04,2.497364910987226374e-05
3.659999999999999698e+00,-5.139894934267478371e-03,-1.957975087235662090e-03,1.009275851041067170e-04,2.336965626789501050e-05
3.689999999999999947e+00,-4.975564492585582595e-03,-1.895364912824890405e-03,9.441172071412028859e-05,2.186942298263627583e-05
3.719999999999999751e+00,-4.816487398647290030e-03,-1.834756274662338333e-03,8.832021905254648219e-05,2.046617427451818372e-05
3.750000000000000000e+00,-4.662495712486081426e-03,-1.776085187241163927e-03,8.262512837563011582e-05,1.915358286465049714e-05
3.779999999999999805e+00,-4.513426862867521427e-03,-1.719289710555396136e-03,7.730036451871695035e-05,1.792573914257686508e-05
3.810000000000000053e+00,-4.369123475660828364e-03,-1.664309884709016868e-03,7.232158390403214130e-05,1.677712318583848510e-05
3.839999999999999858e+00,-4.229433207697123713e-03,-1.611087666615483279e-03,6.766606536645695643e-05,1.570257868811568606e-05
3.869999999999999662e+00,-4.094208585938888777e-03,-1.559566868720837097e-03,6.331260017008862810e-05,1.469728866295446090e-05
3.899999999999999911e+00,-3.963306851790890199e-03,-1.509693099685731777e-03,5.924138963418662030e-05,1.375675279958073567e-05
3.929999999999999716e+00,-3.836589810388204083e-03,-1.461413706963745089e-03,5.543394982947690735e-05,1.287676635610326309e-05
3.959999999999999964e+00,-3.713923684702185625e-03,-1.414677721215350063e-03,5.187302284498271051e-05,1.205340048356122861e-05
3.989999999999999769e+00,-3.595178974310440142e-03,-1.369435802498880726e-03,4.854249416181713537e-05,1.128298388183301168e-05
4.019999999999999574e+00,-3.480230318681618810e-03,-1.325640188181661768e-03,4.542731570393014498e-05,1.056208569543117063e-05
4.049999999999999822e+00,-3.368956364830765198e-03,-1.283244642516330513e-03,4.251343416686775210e-05,9.887499563709512058e-06
4.080000000000000071e+00,-3.261239639205468482e-03,-1.242204407829112069e-03,3.978772425435516888e-05,9.256228746036285494e-06
4.109999999999999432e+00,-3.156966423667576915e-03,-1.202476157268510780e-03,3.723792647914207847e-05,8.665472248080263571e-06
4.139999999999999680e+00,-3.056026635439528568e-03,-1.164017949064539027e-03,3.485258920920589166e-05,8.112611880545242678e-06
4.169999999999999929e+00,-2.958313710888609872e-03,-1.126789182250202562e-03,3.262101466324945399e-05,7.595200186503659525e-06
4.200000000000000178e+00,-2.863724493026379055e-03,-1.090750553798479870e-03,3.053320858058626829e-05,7.110949177948293993e-06
4.229999999999999538e+00,-2.772159122604543439e-03,-1.055864017129557212e-03,2.857983331011507648e-05,6.657719826329911220e-06
4.259999999999999787e+00,-2.683520932692281483e-03,-1.022092741944508488e-03,2.675216408125348806e-05,6.233512255699459266e-06
4.290000000000000036e+00,-2.597716346623758690e-03,-9.894010753430265183e-04,2.504204823654424680e-05,5.836456590649978584e-06
4.320000000000000284e+00,-2.514654779208042989e-03,-9.577545041841395391e-04,2.344186722125972356e-05,5.464804414574099333e-06
4.349999999999999645e+00,-2.434248541097172244e-03,-9.271196186501935851e-04,2.194450113981045100e-05,5.116920796838335327e-06
4.379999999999999893e+00,-2.356412746211382185e-03,-8.974640769756209169e-04,2.054329570218904608e-05,4.791276850340875560e-06
4.410000000000000142e+00,-2.281065222123799911e-03,-8.687565713032750206e-04,1.923203139613676005e-05,4.486442783582666998e-06
4.439999999999999503e+00,-2.208126423309950820e-03,-8.409667946322674963e-04,1.800489473227261515e-05,4.201081413855661373e-06
4.469999999999999751e+00,-2.137519347170520247e-03,-8.140654088224232813e-04,1.685645142014745388e-05,3.933942110452195538e-06
4.500000000000000000e+00,-2.069169452738726326e-03,-7.880240136215810928e-04,1.578162134313451968e-05,3.683855138937264931e-06
4.530000000000000249e+00,-2.003004581986450421e-03,-7.628151166830280609e-04,1.477565520930215135e-05,3.449726379512687716e-06
4.559999999999999609e+00,-1.938954883646072224e-03,-7.384121045414255690e-04,1.383411276398861202e-05,3.230532394350524904e-06
4.589999999999999858e+00,-1.876952739467572118e-03,-7.147892145165781830e-04,1.295284245775822499e-05,3.025315820491463622e-06
4.620000000000000107e+00,-1.816932692833071565e-03,-6.919215075153950165e-04,1.212796247081079454e-05,2.833181066502547154e-06
4.649999999999999467e+00,-1.758831379653420009e-03,-6.697848417033164031e-04,1.135584300178094087e-05,2.653290292575314530e-06
4.679999999999999716e+00,-1.702587461473888380e-03,-6.483558470174173409e-04,1.063308973524241112e-05,2.484859655128981092e-06
4.709999999999999964e+00,-1.648141560718366372e-03,-6.276119004942863752e-04,9.956528408157674351e-06,2.327155798270440989e-06
4.740000000000000213e+00,-1.595436198003664019e-03,-6.075311023866215550e-04,9.323190401018358763e-06,2.179492575660598786e-06
4.769999999999999574e+00,-1.544415731457769291e-03,-5.880922530433383647e-04,8.730299284539846735e-06,2.041227987451614275e-06
4.799999999999999822e+00,-1.495026297977979741e-03,-5.692748305287757826e-04,8.175258257528923776e-06,1.911761317997283702e-06
4.830000000000000071e+00,-1.447215756366916324e-03,-5.510589689573815566e-04,7.655638415965409331e-06,1.790530461005054786e-06
4.859999999999999432e+00,-1.400933632286361762e-03,-5.334254375209927660e-04,7.169167797449073869e-06,1.677009419697610581e-06
4.889999999999999680e+00,-1.356131064970821478e-03,-5.163556201865765992e-04,6.713721148986507764e-06,1.570705970389748771e-06
4.919999999999999929e+00,-1.312760755644566289e-03,-4.998314960430031741e-04,6.287310369647893547e-06,1.471159478666431929e-06
4.950000000000000178e+00,-1.270776917587673315e-03,-4.838356202760897193e-04,5.888075582930409096e-06,1.377938858074454093e-06
4.979999999999999538e+00,-1.230135227798370267e-03,-4.683511057518431977e-04,5.514276796742053358e-06,1.290640661917209823e-06
5.009999999999999787e+00,-1.190792780200638232e-03,-4.533616051884491031e-04,5.164286111781884213e-06,1.208887299372615475e-06
5.040000000000000036e+00,-1.152708040347692536e-03,-4.388512938981955244e-04,4.836580441756743556e-06,1.132325367741940250e-06
5.069999999999999396e+00,-1.115840801573498653e-03,-4.248048530811017248e-04,4.529734711353275671e-06,1.060624093184805544e-06
5.099999999999999645e+00,-1.080152142546044001e-03,-4.112074536526204825e-04,4.242415500191916631e-06,9.934738728060282725e-07
5.129999999999999893e+00,-1.045604386177561608e-03,-3.980447405883428343e-04,3.973375103137652958e-06,9.305849114356614828e-07
5.160000000000000142e+00,-1.012161059848308521e-03,-3.853028177691709207e-04,3.721445979342142958e-06,8.716859468869500138e-07
5.189999999999999503e+00,-9.797868569019216670e-04,-3.729682333109657051e-04,3.485535564254453532e-06,8.165230578903958795e-07
5.219999999999999751e+00,-9.484475993716904576e-04,-3.610279653631775099e-04,3.264621420571791109e-06,7.648585492875139637e-07
5.250000000000000000e+00,-9.181102018984117026e-04,-3.494694083614728760e-04,3.057746705717196646e-06,7.164699094273332538e-07
5.279999999999999361e+00,-8.887426368017140987e-04,-3.382803597198368105e-04,2.864015934935638536e-06,6.711488350438277416e-07
5.309999999999999609e+00,-8.603139002679898503e-04,-3.274490069481053958e-04,2.682591020501998718e-06,6.287003192051315844e-07
5.339999999999999858e+00,-8.327939796192421369e-04,-3.169639151813308589e-04,2.512687568840519583e-06,5.889417982169892896e-07
5.370000000000000107e+00,-8.061538216282787507e-04,-3.068140151078072378e-04,2.353571418572233946e-06,5.517023536348790494e-07
5.399999999999999467e+00,-7.803653018468159749e-04,-2.969885912830181902e-04,2.204555403641351049e-06,5.168219657930752802e-07
5.429999999999999716e+00,-7.554011949141011895e-04,-2.874772708171650926e-04,2.064996326728594595e-06,4.841508154956727182e-07
5.459999999999999964e+00,-7.312351458147214097e-04,-2.782700124243379838e-04,1.934292129145076824e-06,4.535486307355714994e-07
5.490000000000000213e+00,-7.078416420552398813e-04,-2.693570958217625421e-04,1.811879244318817967e-06,4.248840755135824817e-07
5.519999999999999574e+00,-6.851959867302977181e-04,-2.607291114679361897e-04,1.697230122842699557e-06,3.980341780222857939e-07
5.549999999999999822e+00,-6.632742724497390314e-04,-2.523769506288163988e-04,1.589850917851222534e-06,3.728837956388623084e-07
5.580000000000000071e+00,-6.420533560992442356e-04,-2.442917957615783182e-04,1.489279320238322699e-06,3.493251143388068026e-07
5.609999999999999432e+00,-6.215108344078132743e-04,-2.364651112057848626e-04,1.395082533923017572e-06,3.272571802989183188e-07
5.639999999999999680e+00,-6.016250202963115612e-04,-2.288886341721436263e-04,1.306855382017663675e-06,3.065854616041162793e-07
5.669999999999999929e+00,-5.823749199821147719e-04,-2.215543660193402436e-04,1.224218535357967842e-06,2.872214381090607087e-07
5.700000000000000178e+00,-5.637402108156697915e-04,-2.144545638097337264e-04,1.146816855417667097e-06,2.690822176329374488e-07
5.729999999999999538e+00,-5.457012198255834076e-04,-2.075817321350033155e-04,1.074317844156944791e-06,2.520901767847607585e-07
5.759999999999999787e+00,-5.282389029495814176e-04,-2.009286152031140762e-04,1.006410193844449744e-06,2.361726248276318355e-07
5.790000000000000036e+00,-5.113348249294218714e-04,-1.944881891782508762e-04,9.428024303509067171e-07,2.212614890941780850e-07
5.819999999999999396e+00,-4.949711398485244452e-04,-1.882536547656298595e-04,8.832216438397308032e-07,2.072930205623045907e-07
5.849999999999999645e+00,-4.791305722917780694e-04,-1.822184300333609132e-04,8.274123011791134326e-07,1.942075182909424365e-07
5.879999999999999893e+00,-4.637963991076370107e-04,-1.763761434637851563e-04,7.751351347724818406e-07,1.819490715000574443e-07
5.910000000000000142e+00,-4.489524317532458605e-04,-1.707206272269472659e-04,7.261661028518492742e-07,1.704653181581881412e-07
5.939999999999999503e+00,-4.345829992039603297e-04,-1.652459106691052642e-04,6.802954166032215725e-07,1.597072190146248335e-07
5.969999999999999751e+00,-4.206729314092164367e-04,-1.599462140094005090e-04,6.373266297962169567e-07,1.496288460823108434e-07
6.000000000000000000e+00,-4.072075432772898334e-04,-1.548159422380367947e-04,5.970757868730684210e-07,1.401871846420168171e-07
6.029999999999999361e+00,-3.941726191720281358e-04,-1.498496792095228478e-04,5.593706257163595362e-07,1.313419478985623343e-07
6.059999999999999609e+00,-3.815543979051950530e-04,-1.450421819247447303e-04,5.240498315616529425e-07,1.230554034761637984e-07
6.089999999999999858e+00,-3.693395582085844944e-04,-1.403883749958322632e-04,4.909623387516262343e-07,1.152922109925976951e-07
6.120000000000000107e+00,-3.575152046705603204e-04,-1.358833452879734790e-04,4.599666772435661487e-07,1.080192700010373864e-07
6.149999999999999467e+00,-3.460688541221818839e-04,-1.315223367325226355e-04,4.309303609831783433e-07,1.012055776343954908e-07
6.179999999999999716e+00,-3.349884224585371589e-04,-1.273007453059241860e-04,4.037293154454775294e-07,9.482209532996435888e-08
6.209999999999999964e+00,-3.242622118813771014e-04,-1.232141141691541007e-04,3.782473418190238226e-07,8.884162405231968491e-08
6.240000000000000213e+00,-3.138788985495759645e-04,-1.192581289625444760e-04,3.543756154736899435e-07,8.323868746999639869e-08
6.269999999999999574e+00,-3.038275206243857282e-04,-1.154286132510260848e-04,3.320122165053568083e-07,7.798942257656122536e-08
6.299999999999999822e+00,-2.940974666968593264e-04,-1.117215241149791015e-04,3.110616902940511108e-07,7.307147727952563996e-08
6.330000000000000071e+00,-2.846784645852310316e-04,-1.081329478820388518e-04,2.914346361458157079e-07,6.846391451124067417e-08
6.359999999999999432e+00,-2.755605704904207976e-04,-1.046590959953484318e-04,2.730473222135814751e-07,6.414712244460908074e-08
6.389999999999999680e+00,-2.667341584982174511e-04,-1.012963010138973345e-04,2.558213250091541093e-07,6.010273042329316684e-08
6.419999999999999929e+00,-2.581899104170596974e-04,-9.804101274072451002e-05,2.396831919276173004e-07,5.631353024119394160e-08
6.450000000000000178e+00,-2.499188059406816658e-04,-9.488979447489626334e-05,2.245641253074994844e-07,5.276340242944626325e-08
6.479999999999999538e+00,-2.419121131252422710e-04,-9.183931938330384742e-05,2.103996866454725939e-07,4.943724723113151208e-08
6.509999999999999787e+00,-2.341613791708810365e-04,-8.888636698844927563e-05,1.971295196735207572e-07,4.632091996443829710e-08
6.540000000000000036e+00,-2.266584214979732673e-04,-8.602781976851279165e-05,1.846970910899021864e-07,4.340117049420944032e-08
6.569999999999999396e+00,-2.193953191086580321e-04,-8.326065986611094316e-05,1.730494478131619891e-07,4.066558654977397592e-08
6.599999999999999645e+00,-2.123644042245224407e-04,-8.058196590227158381e-05,1.621369897013433906e-07,3.810254064376947093e-08
6.629999999999999893e+00,-2.055582541916152386e-04,-7.798890989226283895e-05,1.519132567466871186e-07,3.570114036237928472e-08
6.660000000000000142e+00,-1.989696836442396736e-04,-7.547875426001842748e-05,1.423347298198164353e-07,3.345118181211263859e-08
6.689999999999999503e+00,-1.925917369192567223e-04,-7.304884894800889241e-05,1.333606440970006824e-07,3.134310602201603291e-08
6.719999999999999751e+00,-1.864176807128873443e-04,-7.069662861950653480e-05,1.249528143598016834e-07,2.936795811307370228e-08
6.750000000000000000e+00,-1.804409969722650252e-04,-6.841960995029144324e-05,1.170754714085228480e-07,2.751734905859933699e-08
6.779999999999999361e+00,-1.746553760142300477e-04,-6.621538900693845300e-05,1.096951088796082448e-07,2.578341987068686298e-08
6.809999999999999609e+00,-1.690547098641032064e-04,-6.408163870891737826e-05,1.027803398027264769e-07,2.415880805833282293e-08
6.839999999999999858e+00,-1.636330858074076171e-04,-6.201610637182828072e-05,9.630176227590798053e-08,2.263661621270799516e-08
6.870000000000000107e+00,-1.583847801477281504e-04,-6.001661132917651291e-05,9.023183367697623351e-08,2.121038258428584364e-08
6.899999999999999467e+00,-1.533042521641211214e-04,-5.808104263017794714e-05,8.454475286682432938e-08,1.987405352517589575e-08
6.929999999999999716e+00,-1.483861382616932713e-04,-5.620735681116325634e-05,7.921634987497740608e-08,1.862195767809278091e-08
6.959999999999999964e+00,-1.436252463091768387e-04,-5.439357573822925317e-05,7.422398259053038459e-08,1.744878180095835445e-08
6.989999999999999325e+00,-1.390165501575203960e-04,-5.263778451885872136e-05,6.954644001208465957e-08,1.634954812321324633e-08
7.019999999999999574e+00,-1.345551843337094717e-04,-5.093812948030450202e-05,6.516385163888331154e-08,1.531959313654184692e-08
7.049999999999999822e+00,-1.302364389042171878e-04,-4.929281621260398958e-05,6.105760261207617413e-08,1.435454772891639944e-08
7.080000000000000071e+00,-1.260557545026585644e-04,-4.770010767415708031e-05,5.721025424005365928e-08,1.345031857666997498e-08
7.109999999999999432e+00,-1.220087175164021298e-04,-4.615832235786829132e-05,5.360546956519534346e-08,1.260307071474219466e-08
7.139999999999999680e+00,-1.180910554270554334e-04,-4.466583251591653588e-05,5.022794365127357781e-08,1.180921121032638501e-08
7.169999999999999929e+00,-1.142986322999071442e-04,-4.322106244127903369e-05,4.706333829124648650e-08,1.106537386990776346e-08
7.199999999999999289e+00,-1.106274444175618567e-04,-4.182248680419434049e-05,4.409822085434519693e-08,1.036840491413729980e-08
7.229999999999999538e+00,-1.070736160531588946e-04,-4.046862904180857737e-05,4.132000700930729828e-08,9.715349559157760629e-09
7.259999999999999787e+00,-1.036333953787140101e-04,-3.915805979930518335e-05,3.871690707740025143e-08,9.103439446902962146e-09
7.290000000000000036e+00,-1.003031505042619852e-04,-3.788939542087169435e-05,3.627787578459151028e-08,8.530080870546037560e-09
7.319999999999999396e+00,-9.707936564362067025e-05,-3.666129648891091019e-05,3.399256519693322366e-08,7.992843744695110235e-09
7.349999999999999645e+00,-9.395863740272712716e-05,-3.547246640995402257e-05,3.185128063699235600e-08,7.489451273137840681e-09
7.379999999999999893e+00,-9.093767118662911633e-05,-3.432165004578317802e-05,2.984493939204297657e-08,7.017770269935911304e-09
7.410000000000000142e+00,-8.801327772133675802e-05,-3.320763238831768530e-05,2.796503203679400567e-08,6.575802092477900157e-09
7.439999999999999503e+00,-8.518236968686396498e-05,-3.212923727686545667e-05,2.620358620471539738e-08,6.161674147728441644e-09
7.469999999999999751e+00,-8.244195845790414057e-05,-3.108532615638502639e-05,2.455313265258912329e-08,5.773631935372507226e-09
7.500000000000000000e+00,-7.978915094870037551e-05,-3.007479687544771220e-05,2.300667347280262799e-08,5.410031593858573010e-09
7.529999999999999361e+00,-7.722114655877784783e-05,-2.909658252263024094e-05,2.155765231715808193e-08,5.069332917501728940e-09
7.559999999999999609e+00,-7.473523421631470009e-05,-2.814965030010974556e-05,2.019992650463832293e-08,4.750092814828546873e-09
7.589999999999999858e+00,-7.232878951603062610e-05,-2.723300043327211628e-05,1.892774089368277958e-08,4.450959180237217378e-09
7.620000000000000107e+00,-6.999927194857031687e-05,-2.634566511518201531e-05,1.773570340712003873e-08,4.170665152817574590e-09
7.649999999999999467e+00,-6.774422221845784848e-05,-2.548670748480062561e-05,1.661876210501520934e-08,3.908023737834681480e-09
7.679999999999999716e+00,-6.556125964778980496e-05,-2.465522063787211536e-05,1.557218370734521435e-08,3.661922767932544198e-09
7.709999999999999964e+00,-6.344807966292715382e-05,-2.385032666943487373e-05,1.459153347464802538e-08,3.431320182569212303e-09
7.739999999999999325e+00,-6.140245136153140858e-05,-2.307117574694628252e-05,1.367265636062491648e-08,3.215239605556210256e-09
7.769999999999999574e+00,-5.942221515737707097e-05,-2.231694521304261269e-05,1.281165935613847485e-08,3.012766201850892470e-09
7.799999999999999822e+00,-5.750528050045454140e-05,-2.158683871698703223e-05,1.200489494916332110e-08,2.823042795944675772e-09
7.830000000000000071e+00,-5.564962366995543044e-05,-2.088008537388829063e-05,1.124894563003454543e-08,2.645266235308450879e-09
7.859999999999999432e+00,-5.385328563781124938e-05,-2.019593895080278574e-05,1.054060937582352020e-08,2.478683983404174040e-09
7.889999999999999680e+00,-5.211437000052935654e-05,-1.953367707886046766e-05,9.876886051868360070e-09,2.322590927752454888e-09
7.919999999999999929e+00,-5.043104097714351145e-05,-1.889260049058307805e-05,9.254964672418070593e-09,2.176326389464816540e-09
7.949999999999999289e+00,-4.880152147116466647e-05,-1.827203228158917942e-05,8.672211466029668627e-09,2.039271321509528742e-09
7.979999999999999538e+00,-4.722409119448619429e-05,-1.767131719590661951e-05,8.126158694805112594e-09,1.910845683785878755e-09
8.009999999999999787e+00,-4.569708485126363576e-05,-1.708982093413810382e-05,7.614494179782410393e-09,1.790505983836415429e-09
8.039999999999999147e+00,-4.421889037985058052e-05,-1.652692948374906301e-05,7.135051487817443324e-09,1.677742972733436981e-09
8.070000000000000284e+00,-4.278794725093523109e-05,-1.598204847077096293e-05,6.685800738123820987e-09,1.572079486338108462e-09
8.099999999999999645e+00,-4.140274482008154087e-05,-1.545460253223580009e-05,6.264839989288739451e-09,1.473068422750645357e-09
8.129999999999999005e+00,-4.006182073293417157e-05,-1.494403470867858657e-05,5.870387170064264115e-09,1.380290847350566202e-09
8.160000000000000142e+00,-3.876375938140526599e-05,-1.444980585606714026e-05,5.500772519559088618e-09,1.293354217370218573e-09
8.189999999999999503e+00,-3.750719040921254518e-05,-1.397139407653796320e-05,5.154431504631915731e-09,1.211890718454036391e-09
8.219999999999998863e+00,-3.629078726519032128e-05,-1.350829416733691797e-05,4.829898184326468310e-09,1.135555706133221879e-09
8.250000000000000000e+00,-3.511326580284745221e-05,-1.306001708738344265e-05,4.525798993098049550e-09,1.064026245592630466e-09
8.279999999999999361e+00,-3.397338292469316280e-05,-1.262608944089479707e-05,4.240846916369156278e-09,9.969997435251632015e-10
8.310000000000000497e+00,-3.286993526989881302e-05,-1.220605297752488843e-05,3.973836033626492874e-09,9.341926662611342843e-10
8.339999999999999858e+00,-3.180175794391193407e-05,-1.179946410849057448e-05,3.723636405840837558e-09,8.753393387275442950e-10
8.369999999999999218e+00,-3.076772328867928059e-05,-1.140589343817377013e-05,3.489189285459335093e-09,8.201908191360408390e-10
8.400000000000000355e+00,-2.976673969218238605e-05,-1.102492531070544780e-05,3.269502628596661064e-09,7.685138446208616957e-10
8.429999999999999716e+00,-2.879775043602806220e-05,-1.065615737105252047e-05,3.063646890339589348e-09,7.200898433498165274e-10
8.459999999999999076e+00,-2.785973257987677817e-05,-1.029920014014399272e-05,2.870751085286622644e-09,6.747140089141816364e-10
8.490000000000000213e+00,-2.695169588153229880e-05,-9.953676603588178861e-06,2.689999096575226735e-09,6.321944330683691497e-10
8.519999999999999574e+00,-2.607268175155190361e-05,-9.619221813546500983e-06,2.520626217707748029e-09,5.923512931382970683e-10
8.549999999999998934e+00,-2.522176224127316326e-05,-9.295482503343342198e-06,2.361915912479009245e-09,5.550160906498564229e-10
8.580000000000000071e+00,-2.439803906318987678e-05,-8.982116714405353767e-06,2.213196779237863386e-09,5.200309379466939723e-10
8.609999999999999432e+00,-2.360064264264247463e-05,-8.678793435136154439e-06,2.073839706584896019e-09,4.872478897704446179e-10
8.640000000000000568e+00,-2.282873119982130840e-05,-8.385192251344887826e-06,1.943255208423594893e-09,4.565283169676512962e-10
8.669999999999999929e+00,-2.208148986111488880e-05,-8.101003007859998933e-06,1.820890927046106509e-09,4.277423196666863404e-10
8.699999999999999289e+00,-2.135812979886351918e-05,-7.825925480970361792e-06,1.706229293649411625e-09,4.007681774355811908e-10
8.730000000000000426e+00,-2.065788739861134884e-05,-7.559669061348319553e-06,1.598785336348137535e-09,3.754918340888739646e-10
8.759999999999999787e+00,-1.998002345297718218e-05,-7.301952447119642250e-06,1.498104626377450575e-09,3.518064149586898276e-10
8.789999999999999147e+00,-1.932382238129274151e-05,-7.052503346756128408e-06,1.403761353767363221e-09,3.296117745831519560e-10
8.820000000000000284e+00,-1.868859147418525741e-05,-6.811058191477422875e-06,1.315356524320583441e-09,3.088140728944195551e-10
8.849999999999999645e+00,-1.807366016230653230e-05,-6.577361856858171039e-06,1.232516270241689074e-09,2.893253781096121636e-10
8.879999999999999005e+00,-1.747837930843614587e-05,-6.351167393346411964e-06,1.154890267248623878e-09,2.710632946412445187e-10
8.910000000000000142e+00,-1.690212052221221398e-05,-6.132235765408872500e-06,1.082150251450302290e-09,2.539506144500279143e-10
8.939999999999999503e+00,-1.634427549676583679e-05,-5.920335599027548850e-06,1.013988629697980051e-09,2.379149903623528333e-10
8.969999999999998863e+00,-1.580425536655873651e-05,-5.715242937280808511e-06,9.501171775153037850e-10,2.228886299679829303e-10
9.000000000000000000e+00,-1.528149008574668206e-05,-5.516741003751095274e-06,8.902658190841672969e-10,2.088080088008423945e-10
9.029999999999999361e+00,-1.477542782641223988e-05,-5.324619973509264317e-06,8.341814841119846021e-10,1.956136015875609567e-10
9.060000000000000497e+00,-1.428553439603119337e-05,-5.138676751433535683e-06,7.816270367325695436e-10,1.832496304250925566e-10
9.089999999999999858e+00,-1.381129267355848292e-05,-4.958714757629238451e-06,7.323802718988598612e-10,1.716638288205587648e-10
9.119999999999999218e+00,-1.335220206353744177e-05,-4.784543719722348405e-06,6.862329750121438741e-10,1.608072205937016818e-10
9.150000000000000355e+00,-1.290777796765678905e-05,-4.615979471807725647e-06,6.429900408011263277e-10,1.506339127054032999e-10
9.179999999999999716e+00,-1.247755127319723113e-05,-4.452843759839552778e-06,6.024686477155920245e-10,1.411009011347542416e-10
9.209999999999999076e+00,-1.206106785782738453e-05,-4.294964053258332666e-06,5.644974843350944696e-10,1.321678889824838919e-10
9.240000000000000213e+00,-1.165788811022677537e-05,-4.142173362655650570e-06,5.289160245139273143e-10,1.237971160304152671e-10
9.269999999999999574e+00,-1.126758646602957770e-05,-3.994310063283959115e-06,4.955738481903952369e-10,1.159531990351550364e-10
9.299999999999998934e+00,-1.088975095859902137e-05,-3.851217724224897406e-06,4.643300049821762325e-10,1.086029820797318949e-10
9.330000000000000071e+00,-1.052398278415866766e-05,-3.712744943035811410e-06,4.350524178711561759e-10,1.017153963495406422e-10
9.359999999999999432e+00,-1.016989588082126632e-05,-3.578745185699694575e-06,4.076173244511305187e-10,9.526132873887483642e-11
9.389999999999998792e+00,-9.827116521070630272e-06,-3.449076631709386467e-06,3.819087533711131085e-10,8.921349873175558159e-11
9.419999999999999929e+00,-9.495282917266691005e-06,-3.323602024122483895e-06,3.578180337563175555e-10,8.354634303583570065e-11
9.449999999999999289e+00,-9.174044839757140182e-06,-3.202188524428457536e-06,3.352433355286837933e-10,7.823590748099679101e-11
9.480000000000000426e+00,-8.863063247192298590e-06,-3.084707572074532784e-06,3.140892386798622633e-10,7.325974572503686314e-11
9.509999999999999787e+00,-8.562009928653474008e-06,-2.971034748502072705e-06,2.942663296723751593e-10,6.859682433769440703e-11
9.539999999999999147e+00,-8.270567157216458673e-06,-2.861049645549559842e-06,2.756908232596166033e-10,6.422743386125631022e-11
9.570000000000000284e+00,-7.988427354584937609e-06,-2.754635738083268103e-06,2.582842081231872117e-10,6.013310547132994850e-11
9.599999999999999645e+00,-7.715292766439585401e-06,-2.651680260720922369e-06,2.419729148269693788e-10,5.629653288506739378e-11
9.629999999999999005e+00,-7.450875148160038565e-06,-2.552074088517997190e-06,2.266880046819509155e-10,5.270149918635591015e-11
9.660000000000000142e+00,-7.194895460588278333e-06,-2.455711621490625374e-06,2.123648782044518948e-10,4.933280825831707800e-11
9.689999999999999503e+00,-6.947083575512120539e-06,-2.362490672852986189e-06,1.989430019334172092e-10,4.617622053296072565e-11
9.719999999999998863e+00,-6.707177990557815153e-06,-2.272312360850954056e-06,1.863656524502358768e-10,4.321839278612093359e-11
9.750000000000000000e+00,-6.474925553191071456e-06,-2.185081004077740437e-06,1.745796765174619608e-10,4.044682172293434876e-11
9.779999999999999361e+00,-6.250081193535032973e-06,-2.100704020160769217e-06,1.635352663210792076e-10,3.784979111516402630e-11
9.810000000000000497e+00,-6.032407665723061420e-06,-2.019091827712600315e-06,1.531857488649418123e-10,3.541632226670940418e-11
9.839999999999999858e+00,-5.821675297513646875e-06,-1.940157751442308136e-06,1.434873886259978845e-10,3.313612759773776636e-11
9.869999999999999218e+00,-5.617661747902767566e-06,-1.863817930326806148e-06,1.343992026350360307e-10,3.099956715106503394e-11
9.900000000000000355e+00,-5.420151772478183313e-06,-1.789991228745078725e-06,1.258827872003614673e-10,2.899760783679165797e-11
9.929999999999999716e+00,-5.228936996267853819e-06,-1.718599150481254512e-06,1.179021555410962537e-10,2.712178524278384171e-11
9.959999999999999076e+00,-5.043815693842644427e-06,-1.649565755505473291e-06,1.104235856430036146e-10,2.536416784945052642e-11
9.990000000000000213e+00,-4.864592576441415279e-06,-1.582817579444555965e-06,1.034154776930392883e-10,2.371732349744505816e-11
1.001999999999999957e+01,-4.691078585893720978e-06,-1.518283555657191151e-06,9.684822048937912752e-11,2.217428796645116961e-11
1.004999999999999893e+01,-4.523090695122522222e-06,-1.455894939831111340e-06,9.069406626167872291e-11,2.072853553214688521e-11
1.008000000000000007e+01,-4.360451715016549628e-06,-1.395585237022484224e-06,8.492701337193960295e-11,1.937395137681307392e-11
1.010999999999999943e+01,-4.202990107468390627e-06,-1.337290131060219574e-06,7.952269639970929080e-11,1.810480573689392525e-11
1.013999999999999879e+01,-4.050539804380900958e-06,-1.280947416240378781e-06,7.445828314660546389e-11,1.691572967816611384e-11
1.016999999999999993e+01,-3.902940032451102528e-06,-1.226496931238387486e-06,6.971237812445429949e-11,1.580169239606171966e-11
1.019999999999999929e+01,-3.760035143546569293e-06,-1.173880495168986007e-06,6.526493211876855025e-11,1.475797994514008253e-11
1.023000000000000043e+01,-3.621674450495194360e-06,-1.123041845726115128e-06,6.109715744500791319e-11,1.378017530775000952e-11
1.025999999999999979e+01,-3.487712068115283538e-06,-1.073926579337236811e-06,5.719144853916815651e-11,1.286413971759104422e-11
1.028999999999999915e+01,-3.358006759317954073e-06,-1.026482093268533571e-06,5.353130754680769214e-11,1.200599515918733104e-11
1.032000000000000028e+01,-3.232421786119646583e-06,-9.806575296196537067e-07,5.010127459578899724e-11,1.120210796926502136e-11
1.034999999999999964e+01,-3.110824765407457449e-06,-9.364037211485478661e-07,4.688686245782407746e-11,1.044907347068260916e-11
1.037999999999999901e+01,-2.993087529305026893e-06,-8.936731388688786505e-07,4.387449532248703401e-11,9.743701573931150446e-12
1.041000000000000014e+01,-2.879085989991787480e-06,-8.524198413644171433e-07,4.105145142476414038e-11,9.083003285314622597e-12
1.043999999999999950e+01,-2.768700008832864084e-06,-8.125994257665708417e-07,3.840580928351199697e-11,8.464178064753765135e-12
1.046999999999999886e+01,-2.661813269681495006e-06,-7.741689803429430557e-07,3.592639732347376063e-11,7.884601979749978924e-12
1.050000000000000000e+01,-2.558313156220420846e-06,-7.370870386465768763e-07,3.360274666782377730e-11,7.341816605413524684e-12
1.052999999999999936e+01,-2.458090633212770894e-06,-7.013135351771127197e-07,3.142504690162027426e-11,6.833518623613906373e-12
1.055999999999999872e+01,-2.361040131537119179e-06,-6.668097625066764316e-07,2.938410461911590869e-11,6.357550077266612758e-12
1.058999999999999986e+01,-2.267059436885545515e-06,-6.335383298249154022e-07,2.747130457965645261e-11,5.911889238541144256e-12
1.061999999999999922e+01,-2.176049582007225693e-06,-6.014631228590233701e-07,2.567857330792994061e-11,5.494642052369939172e-12
1.065000000000000036e+01,-2.087914742383840454e-06,-5.705492651260437610e-07,2.399834498466909164e-11,5.104034119070110584e-12
1.067999999999999972e+01,-2.002562135226901567e-06,-5.407630804762011639e-07,2.242352948360272156e-11,4.738403182169774054e-12
1.070999999999999908e+01,-1.919901921690301054e-06,-5.120720568872629879e-07,2.094748241952467434e-11,4.396192089664999916e-12
1.074000000000000021e+01,-1.839847112195084559e-06,-4.844448114713417510e-07,1.956397708086146719e-11,4.075942198935896519e-12
1.076999999999999957e+01,-1.762313474766551700e-06,-4.578510566567575367e-07,1.826717812808721318e-11,3.776287197424682474e-12
1.079999999999999893e+01,-1.687219446286982325e-06,-4.322615675088115274e-07,1.705161694680406477e-11,3.495947312935882911e-12
1.083000000000000007e+01,-1.614486046570491252e-06,-4.076481501545592004e-07,1.591216855130694821e-11,3.233723889065859665e-12
1.085999999999999943e+01,-1.544036795169370506e-06,-3.839836112777782587e-07,1.484402994100709158e-11,2.988494302811300115e-12
1.088999999999999879e+01,-1.475797630824170680e-06,-3.612417286514506499e-07,1.384269981823377192e-11,2.759207202852235794e-12
1.091999999999999993e+01,-1.409696833472682795e-06,-3.393972226761980647e-07,1.290395958169346720e-11,2.544878048360433960e-12
1.094999999999999929e+01,-1.345664948735562772e-06,-3.184257288941209792e-07,1.202385551525861812e-11,2.344584929453212563e-12
1.098000000000000043e+01,-1.283634714798973159e-06,-2.983037714485101779e-07,1.119868209681399846e-11,2.157464651602539083e-12
1.100999999999999979e+01,-1.223540991617270765e-06,-2.790087374609301102e-07,1.042496635662737316e-11,1.982709067424597971e-12
1.103999999999999915e+01,-1.165320692361020666e-06,-2.605188522980583185e-07,9.699453219146890663e-12,1.819561640319145941e-12
1.107000000000000028e+01,-1.108912717038197325e-06,-2.428131557016605983e-07,9.019091766289603880e-12,1.667314225407700993e-12
1.109999999999999964e+01,-1.054257888218590544e-06,-2.258714787559345917e-07,8.381022364180791743e-12,1.525304054136695194e-12
1.112999999999999901e+01,-1.001298888793682619e-06,-2.096744216673292634e-07,7.782564598955749242e-12,1.392910909771614513e-12
1.116000000000000014e+01,-9.499802017064897219e-07,-1.942033323328183779e-07,7.221205970658368256e-12,1.269554481814138126e-12
1.118999999999999950e+01,-9.002480515878626785e-07,-1.794402856733946066e-07,6.694591297475913286e-12,1.154691888129155956e-12
1.121999999999999886e+01,-8.520503482377591322e-07,-1.653680637103462272e-07,6.200512785553769424e-12,1.047815354276245294e-12
1.125000000000000000e+01,-8.053366318920330997e-07,-1.519701363626713646e-07,5.736900722449774237e-12,9.484500402035773130e-13
1.127999999999999936e+01,-7.600580202170929648e-07,-1.392306429447037700e-07,5.301814754924469042e-12,8.561520050835529445e-13
1.130999999999999872e+01,-7.161671569766134173e-07,-1.271343743437510490e-07,4.893435714235265130e-12,7.705063016520095363e-13
1.133999999999999986e+01,-6.736181623163289234e-07,-1.156667558582663618e-07,4.510057954418997043e-12,6.911251919589211847e-13
1.136999999999999922e+01,-6.323665846145716241e-07,-1.048138306777340701e-07,4.150082171216477965e-12,6.176464769500147645e-13
1.140000000000000036e+01,-5.923693538478802304e-07,-9.456224398611054730e-08,3.812008671325941270e-12,5.497319327783143541e-13
1.142999999999999972e+01,-5.535847364226912374e-07,-8.489922767132477776e-08,3.494431063578040392e-12,4.870658471942569705e-13
1.145999999999999908e+01,-5.159722914255449915e-07,-7.581258562392830247e-08,3.196030345408904721e-12,4.293536497840879573e-13
1.149000000000000021e+01,-4.794928282458736029e-07,-6.729067960862255778e-08,2.915569359681409832e-12,3.763206302213835072e-13
1.151999999999999957e+01,-4.441083655268055995e-07,-5.932241569295416347e-08,2.651887598471147833e-12,3.277107390665627943e-13
1.154999999999999893e+01,-4.097820914008379296e-07,-5.189723121804003394e-08,2.403896331901964118e-12,2.832854659962765699e-13
1.158000000000000007e+01,-3.764783249686422636e-07,-4.500508229674892518e-08,2.170574041492039085e-12,2.428227906699284328e-13
1.160999999999999943e+01,-3.441624789805341494e-07,-3.863643182528738580e-08,1.950962138759973809e-12,2.061162017454477871e-13
1.163999999999999879e+01,-3.128010236814083602e-07,-3.278223799466105713e-08,1.744160951048021332e-12,1.729737798423618825e-13
1.166999999999999993e+01,-2.823614517812341221e-07,-2.743394328899805727e-08,1.549325957651394925e-12,1.432173405183339385e-13
1.169999999999999929e+01,-2.528122445143403615e-07,-2.258346395820091934e-08,1.365664260402218365e-12,1.166816335766193213e-13
1.173000000000000043e+01,-2.241228387518798824e-07,-1.822317995287311003e-08,1.192431273849831337e-12,9.321359525760034898e-14
1.175999999999999979e+01,-1.962635951330403710e-07,-1.434592530994001690e-08,1.028927621109925060e-12,7.267165008865106583e-14
1.178999999999999915e+01,-1.692057671815544068e-07,-1.094497897781990758e-08,8.744962223259814546e-13,5.492505937380063447e-14
1.182000000000000028e+01,-1.429214713752037535e-07,-8.014056070454795483e-09,7.285195635036002634e-13,3.985331349919688447e-14
1.184999999999999964e+01,-1.173836581369635113e-07,-5.547299539928076316e-09,5.904171342428034561e-13,2.734556541272346968e-14
1.187999999999999901e+01,-9.256608371741741778e-08,-3.539272257813764596e-09,4.596430236099402247e-13,1.730010280727208262e-14
1.191000000000000014e+01,-6.844328293906375532e-08,-1.984949495810712460e-09,3.356836640621709091e-13,9.623856697771552308e-15
1.193999999999999950e+01,-4.499054277400522275e-08,-8.797117966037989710e-10,2.180557139658780258e-13,4.231944232748065516e-15
1.196999999999999886e+01,-2.218387672740672780e-08,-2.193382262796453752e-10,1.063040698391407331e-13,1.047243722652980989e-15
1.200000000000000000e+01,-2.653252380279140970e-34,0.000000000000000000e+00,-4.024290968801939409e-40,0.000000000000000000e+00
