lambda,fpp0,Fp0,-tp0,tp0
1.000000000000000000e+00,-1.591275871504074013e+00,1.300338382375091917e-01,1.151374276260090701e+00,1.092546395710242979e-01
9.899999999999999911e-01,-1.572606835185458962e+00,1.292586262019798926e-01,1.189990805421663023e+00,1.084557306209691374e-01
9.799999999999999822e-01,-1.553981372517743376e+00,1.284776730714127513e-01,1.228168675448300329e+00,1.076626521374717677e-01
9.699999999999999734e-01,-1.535399722676418444e+00,1.276909032191027304e-01,1.265907535095989855e+00,1.068754831618342199e-01
9.599999999999999645e-01,-1.516862127900070467e+00,1.268982395548243491e-01,1.303207029072607437e+00,1.060943043108471401e-01
9.499999999999999556e-01,-1.498368833553481938e+00,1.260996034870199844e-01,1.340066797938848975e+00,1.053191978189912115e-01
9.399999999999999467e-01,-1.479920088192765437e+00,1.252949148836838555e-01,1.376486478008140280e+00,1.045502475820449251e-01
9.299999999999999378e-01,-1.461516143632381137e+00,1.244840920319575800e-01,1.412465701243355465e+00,1.037875392021773424e-01
9.199999999999999289e-01,-1.443157255014106077e+00,1.236670515963850803e-01,1.448004095150216441e+00,1.030311600345876211e-01
9.099999999999999201e-01,-1.424843680878027374e+00,1.228437085757730501e-01,1.483101282667243392e+00,1.022811992357550992e-01
8.999999999999999112e-01,-1.406575683235637308e+00,1.220139762586001653e-01,1.517756882052118561e+00,1.015377478133682038e-01
8.899999999999999023e-01,-1.388353527645108221e+00,1.211777661769153913e-01,1.551970506764317470e+00,1.008008986780023902e-01
8.799999999999998934e-01,-1.370177483288832709e+00,1.203349880586633003e-01,1.585741765343860132e+00,1.000707466966221509e-01
8.699999999999998845e-01,-1.352047823053313058e+00,1.194855497783707671e-01,1.619070261286018830e+00,9.934738874798490493e-02
8.599999999999998757e-01,-1.333964823611493822e+00,1.186293573061263512e-01,1.651955592911822590e+00,9.863092378002898120e-02
8.499999999999998668e-01,-1.315928765507632603e+00,1.177663146547805878e-01,1.684397353234177608e+00,9.792145286933211235e-02
8.399999999999998579e-01,-1.297939933244809829e+00,1.168963238252912346e-01,1.716395129819425769e+00,9.721907928273121335e-02
8.299999999999998490e-01,-1.279998615375179005e+00,1.160192847501340524e-01,1.747948504644147194e+00,9.652390854119870245e-02
8.199999999999998401e-01,-1.262105104593072902e+00,1.151350952346957557e-01,1.779057053947005862e+00,9.583604848607614468e-02
8.099999999999998312e-01,-1.244259697831077593e+00,1.142436508965611608e-01,1.809720348075424035e+00,9.515560934777064772e-02
7.999999999999998224e-01,-1.226462696359196469e+00,1.133448451026021625e-01,1.839937951326868326e+00,9.448270381702562892e-02
7.899999999999998135e-01,-1.208714405887231003e+00,1.124385689037715880e-01,1.869709421784506054e+00,9.381744711888292954e-02
7.799999999999998046e-01,-1.191015136528334128e+00,1.115247110113257722e-01,1.899034310661836145e+00,9.315995704745695660e-02
7.699999999999997957e-01,-1.173365203473535345e+00,1.106031575527589295e-01,1.927912164061656553e+00,9.251035421226161404e-02
7.599999999999997868e-01,-1.155764926261657610e+00,1.096737922580411639e-01,1.956342519898244925e+00,9.186876187316501963e-02
7.499999999999997780e-01,-1.138214629454670224e+00,1.087364962127900375e-01,1.984324909632737111e+00,9.123530619032318989e-02
7.399999999999997691e-01,-1.120714642619428103e+00,1.077911478224694297e-01,2.011858857596780847e+00,9.061011627294481008e-02
7.299999999999997602e-01,-1.103265300452414666e+00,1.068376227310632032e-01,2.038943880788782081e+00,8.999332427224902842e-02
7.199999999999997513e-01,-1.085866942908794819e+00,1.058757937366118923e-01,2.065579488662504737e+00,8.938506547813651615e-02
7.099999999999997424e-01,-1.068519915335969017e+00,1.049055307034641310e-01,2.091765182907662890e+00,8.878547841975525934e-02
6.999999999999997335e-01,-1.051224568611828225e+00,1.039267004710869996e-01,2.117500457222125210e+00,8.819470497015118038e-02
6.899999999999997247e-01,-1.033981259287923615e+00,1.029391667592696041e-01,2.142784797075352188e+00,8.761289045520655183e-02
6.799999999999997158e-01,-1.016790349737771937e+00,1.019427900695458467e-01,2.167617679462626068e+00,8.704018376707937932e-02
6.699999999999997069e-01,-9.996522083105361389e-01,1.009374275826512846e-01,2.191998572649651589e+00,8.647673748237112712e-02
6.599999999999996980e-01,-9.825672094903246112e-01,9.992293305181919327e-02,2.215926935907039486e+00,8.592270798526187303e-02
6.499999999999996891e-01,-9.655357340613799355e-01,9.889915669170856738e-02,2.239402219234195357e+00,8.537825559586861845e-02
6.399999999999996803e-01,-9.485581692794274877e-01,9.786594506274551297e-02,2.262423863072076990e+00,8.484354470409551097e-02
6.299999999999996714e-01,-9.316349092581553970e-01,9.682314087943426351e-02,2.284991298582399022e+00,8.431874398020858252e-02
6.199999999999996625e-01,-9.147663543249118234e-01,9.577058316716531572e-02,2.307103945032511927e+00,8.380402623949170793e-02
6.099999999999996536e-01,-8.979529124472229729e-01,9.470810671144908044e-02,2.328761212914990164e+00,8.329956901199207786e-02
5.999999999999996447e-01,-8.811949986142050273e-01,9.363554219902370246e-02,2.349962501318889174e+00,8.280555442550101286e-02
5.899999999999996358e-01,-8.644930352465916013e-01,9.255271600666198362e-02,2.370707198157063988e+00,8.232216943997837377e-02
5.799999999999996270e-01,-8.478474524118891908e-01,9.145945005259077665e-02,2.390994679788453592e+00,8.184960602092601623e-02
5.699999999999996181e-01,-8.312586880481623863e-01,9.035556164136768209e-02,2.410824310642698531e+00,8.138806132086480460e-02
5.599999999999996092e-01,-8.147271881968902729e-01,8.924086330186081772e-02,2.430195442817273843e+00,8.093773786907094980e-02
5.499999999999996003e-01,-7.982534069833375767e-01,8.811516271260105837e-02,2.449107415034717405e+00,8.049884367377667382e-02
5.399999999999995914e-01,-7.818378081791304002e-01,8.697826205158616653e-02,2.467559555340273381e+00,8.007159291211093932e-02
5.299999999999995826e-01,-7.654808628449998320e-01,8.582995875766677440e-02,2.485551174381899653e+00,7.965620518386803961e-02
5.199999999999995737e-01,-7.491830519383235742e-01,8.467004449637230423e-02,2.503081570552664115e+00,7.925290659494890755e-02
5.099999999999995648e-01,-7.329448667233143810e-01,8.349830490091877944e-02,2.520150029590892071e+00,7.886193005870226203e-02
4.999999999999995559e-01,-7.167668061572025628e-01,8.231452043879369795e-02,2.536755817570733207e+00,7.848351443698511898e-02
4.899999999999995470e-01,-7.006493815968729555e-01,8.111846455844497206e-02,2.552898190105250542e+00,7.811790648265411197e-02
4.799999999999995381e-01,-6.845931123114135097e-01,7.990990525318596160e-02,2.568576381294259914e+00,7.776535926151845191e-02
4.699999999999995293e-01,-6.685985307883367534e-01,7.868860294860587079e-02,2.583789613708854738e+00,7.742613437654757846e-02
4.599999999999995204e-01,-6.526661779616438341e-01,7.745431218909591686e-02,2.598537087082790631e+00,7.710050025615931835e-02
4.499999999999995115e-01,-6.367966088783438838e-01,7.620677934702838052e-02,2.612817988435676586e+00,7.678873458012229480e-02
4.399999999999995026e-01,-6.209903876167333081e-01,7.494574444433180216e-02,2.626631480505599914e+00,7.649112241993712147e-02
4.299999999999994937e-01,-6.052480929635192242e-01,7.367093881564200364e-02,2.639976711297431056e+00,7.620795872954201633e-02
4.199999999999994849e-01,-5.895703153121051310e-01,7.238208616247417126e-02,2.652852806462933977e+00,7.593954728899729445e-02
4.099999999999994760e-01,-5.739576569168001186e-01,7.107890231741360865e-02,2.665258868415766536e+00,7.568620099442437132e-02
3.999999999999994671e-01,-5.584107359783992974e-01,6.976109345600924050e-02,2.677193981858450034e+00,7.544824380153931920e-02
3.899999999999994582e-01,-5.429301836029040151e-01,6.842835713413435161e-02,2.688657206561104296e+00,7.522600968340827088e-02
3.799999999999994493e-01,-5.275166440959850878e-01,6.708038201305741022e-02,2.699647576353615186e+00,7.501984297016575653e-02
3.699999999999994404e-01,-5.121707795291799981e-01,6.571684581272820014e-02,2.710164104643517646e+00,7.483010059335476472e-02
3.599999999999994316e-01,-4.968932658906208832e-01,6.433741668438963668e-02,2.720205776174234202e+00,7.465715068213635286e-02
3.499999999999994227e-01,-4.816847964090722467e-01,6.294175164402500411e-02,2.729771550270252867e+00,7.450137430489627011e-02
3.399999999999994138e-01,-4.665460791814036723e-01,6.152949735262489006e-02,2.738860355282933146e+00,7.436316469318121625e-02
3.299999999999994049e-01,-4.514778429663770520e-01,6.010028745816329426e-02,2.747471094729220908e+00,7.424293018402308708e-02
3.199999999999993960e-01,-4.364808327610936733e-01,5.865374421629680757e-02,2.755602638643948943e+00,7.414109254344759814e-02
3.099999999999993872e-01,-4.215558131065713643e-01,5.718947684872473236e-02,2.763253825894072868e+00,7.405808882143548322e-02
2.999999999999993783e-01,-4.067035683588343664e-01,5.570708116030018142e-02,2.770423461997915560e+00,7.399437185276995510e-02
2.899999999999993694e-01,-3.919249041681702739e-01,5.420613861766984676e-02,2.777110318335658246e+00,7.395041135241313401e-02
2.799999999999993605e-01,-3.772206451009343375e-01,5.268621711075854863e-02,2.783313126815985861e+00,7.392669316485679654e-02
2.699999999999993516e-01,-3.625916420759679459e-01,5.114686736828105013e-02,2.789030585570242415e+00,7.392372330515641077e-02
2.599999999999993427e-01,-3.480387668385945266e-01,4.958762506717444979e-02,2.794261349703010211e+00,7.394202573941112411e-02
2.499999999999993339e-01,-3.335629162572784079e-01,4.800800858932360166e-02,2.799004033053503981e+00,7.398214496573735088e-02
2.399999999999993250e-01,-3.191650127790148783e-01,4.640751844759509470e-02,2.803257205381316286e+00,7.404464676690442060e-02
2.299999999999993161e-01,-3.048460056046492506e-01,4.478563636834384520e-02,2.807019390158706607e+00,7.413011935145848164e-02
2.199999999999993072e-01,-2.906068719387535637e-01,4.314182431271198354e-02,2.810289062216679401e+00,7.423917457351023041e-02
2.099999999999992983e-01,-2.764486192478730064e-01,4.147552299456153807e-02,2.813064645919427509e+00,7.437244973133572135e-02
1.999999999999992895e-01,-2.623722820394237543e-01,3.978615294899245924e-02,2.815344509046707078e+00,7.453060649793309678e-02
1.899999999999992806e-01,-2.483789336668525971e-01,3.807310848030660833e-02,2.817126967429443685e+00,7.471433790825529608e-02
1.799999999999992717e-01,-2.344696746573012580e-01,3.633576266951354938e-02,2.818410272432031682e+00,7.492436285233390614e-02
1.699999999999992628e-01,-2.206456450179124507e-01,3.457346098336342571e-02,2.819192614987052536e+00,7.516143349259440942e-02
1.599999999999992539e-01,-2.069080212419825149e-01,3.278552210149125734e-02,2.819472118759879908e+00,7.542633451312860671e-02
1.499999999999992450e-01,-1.932580192562712573e-01,3.097123587436392822e-02,2.819246837008998696e+00,7.571988564343271055e-02
1.399999999999992362e-01,-1.796968965454579792e-01,2.912986162055333089e-02,2.818514748501588230e+00,7.604294381719903240e-02
1.299999999999992273e-01,-1.662259544344359408e-01,2.726062629250370836e-02,2.817273753114569068e+00,7.639640550292345345e-02
1.199999999999992323e-01,-1.528465405434381585e-01,2.536272249809246732e-02,2.815521667090636893e+00,7.678120922326255038e-02
1.099999999999992373e-01,-1.395600514327286212e-01,2.343530636379850818e-02,2.813256217915237389e+00,7.719833828207987858e-02
9.999999999999924227e-02,-1.263679354555741485e-01,2.147749522360164684e-02,2.810475038776356627e+00,7.764882372040718406e-02
8.999999999999924727e-02,-1.132716958404732799e-01,1.948836511580770772e-02,2.807175662564339813e+00,7.813374752515617194e-02
7.999999999999925226e-02,-1.002728940262016255e-01,1.746694806778799694e-02,2.803355515363628037e+00,7.865424611740436112e-02
6.999999999999925726e-02,-8.737315327619712968e-02,1.541222914609206678e-02,2.799011909382195906e+00,7.921151415050793620e-02
5.999999999999925532e-02,-7.457416260221375048e-02,1.332314324648463388e-02,2.794142035257425327e+00,7.980680865224022702e-02
4.999999999999925338e-02,-6.187768103109791279e-02,1.119857159510449091e-02,2.788742953669048230e+00,8.044145354970669293e-02
3.999999999999925143e-02,-4.928554225308017650e-02,9.037337928067030665e-03,2.782811586180408359e+00,8.111684462105493709e-02
2.999999999999924949e-02,-3.679965969523647795e-02,6.838204312336696941e-03,2.776344705218391606e+00,8.183445492411051125e-02
1.999999999999924755e-02,-2.442203206989359415e-02,4.599866565466976392e-03,2.769338923089703641e+00,8.259584075918455226e-02
9.999999999999247338e-03,-1.215474945489536732e-02,2.320949225703359750e-03,2.761790679916371172e+00,8.340264823160732643e-02
-7.528699885739342790e-16,2.899114907147433003e-11,1.679961340612596965e-11,2.753696230355996644e+00,8.425662048927627656e-02
-1.000000000000075308e-02,1.203992286842378752e-02,-2.364516256498582457e-03,2.745051628951903133e+00,8.515960572195264977e-02
-2.000000000000075329e-02,2.396261204889127069e-02,-4.774224456251450338e-03,2.735852713934232128e+00,8.611356602254520431e-02
-3.000000000000075523e-02,3.576553808675721202e-02,-7.230846588078309115e-03,2.726095089264542803e+00,8.712058722661809862e-02
-4.000000000000075717e-02,4.744603908520576840e-02,-9.736210106479107132e-03,2.715774104682544099e+00,8.818288986538530549e-02
-5.000000000000075911e-02,5.900130967787103192e-02,-1.229225716497889080e-02,2.704884833473048200e+00,8.930284139017584388e-02
-6.000000000000076106e-02,7.042838870056622458e-02,-1.490105494730689824e-02,2.693422047622621829e+00,9.048296985361152511e-02
-7.000000000000075606e-02,8.172414540337145927e-02,-1.756480723986781137e-02,2.681380189976771522e+00,9.172597926558645476e-02
-8.000000000000075107e-02,9.288526398123851668e-02,-2.028586743487857322e-02,2.668753342937468354e+00,9.303476688191870958e-02
-9.000000000000074607e-02,1.039082261597566170e-01,-2.306675318898345969e-02,2.655535193154306750e+00,9.441244273196926218e-02
-1.000000000000007411e-01,1.147892915219018151e-01,-2.591016300553429866e-02,2.641718991556652352e+00,9.586235175079256543e-02
-1.100000000000007361e-01,1.255244751990132190e-01,-2.881899506211846665e-02,2.627297507943630261e+00,9.738809895434374919e-02
-1.200000000000007311e-01,1.361095224717031316e-01,-3.179636867105701398e-02,2.612262979187103262e+00,9.899357818663179209e-02
-1.300000000000007261e-01,1.465398797297064737e-01,-3.484564884305807464e-02,2.596607049901023867e+00,1.006830050803532439e-01
-1.400000000000007350e-01,1.568106611182260024e-01,-3.797047452774338083e-02,2.580320704177160529e+00,1.024609550139326530e-01
-1.500000000000007438e-01,1.669166100446629886e-01,-4.117479123571793354e-02,2.563394186666506425e+00,1.043324070266714865e-01
-1.600000000000007527e-01,1.768520545236425823e-01,-4.446288891380142938e-02,2.545816910876694372e+00,1.063027948815323254e-01
-1.700000000000007616e-01,1.866108550861701465e-01,-4.783944615968675762e-02,2.527577352029683144e+00,1.083780667578523316e-01
-1.800000000000007705e-01,1.961863436515737802e-01,-5.130958214077703528e-02,2.508662921141196822e+00,1.105647554358980267e-01
-1.900000000000007794e-01,2.055712513320557544e-01,-5.487891794680082452e-02,2.489059816088599497e+00,1.128700613321799717e-01
-2.000000000000007883e-01,2.147576225716608112e-01,-5.855364958884334836e-02,2.468752844248857770e+00,1.153019514019471142e-01
-2.100000000000007971e-01,2.237367122605015968e-01,-6.234063550424301381e-02,2.447725209701029137e+00,1.178692778049459655e-01
-2.200000000000008060e-01,2.324988614329724368e-01,-6.624750230363542214e-02,2.425958255835602984e+00,1.205819214218801644e-01
-2.300000000000008149e-01,2.410333457399274071e-01,-7.028277370109987932e-02,2.403431151255768228e+00,1.234509669440547602e-01
-2.400000000000008238e-01,2.493281889057981093e-01,-7.445602924782558640e-02,2.380120502732447907e+00,1.264889185354970969e-01
-2.500000000000008327e-01,2.573699305764721723e-01,-7.877810186893095812e-02,2.355999873133395983e+00,1.297099682882060234e-01
-2.600000000000008415e-01,2.651433339166342495e-01,-8.326132663365974629e-02,2.331039173823713284e+00,1.331303343296706410e-01
-2.700000000000008504e-01,2.726310123608549629e-01,-8.791985823345464801e-02,2.305203888650877442e+00,1.367686922520242321e-01
-2.800000000000008593e-01,2.798129459690550380e-01,-9.277008222276848792e-02,2.278454068018976209e+00,1.406467337500260373e-01
-2.900000000000008682e-01,2.866658401486032459e-01,-9.783115968803747509e-02,2.250742997029134163e+00,1.447899057606029383e-01
-3.000000000000008771e-01,2.931622833529278216e-01,-1.031257441278844861e-01,2.222015434824556657e+00,1.492283838774567384e-01
-3.100000000000008860e-01,2.992695513399876717e-01,-1.086809946400758009e-01,2.192205139156886862e+00,1.539984435026327814e-01
-3.200000000000008948e-01,3.049479616850642172e-01,-1.145299730277057337e-01,2.161231437387916010e+00,1.591443506931793095e-01
-3.300000000000009037e-01,3.101484634267197560e-01,-1.207136865850743784e-01,2.128994219362462914e+00,1.647211202849225009e-01
-3.400000000000009126e-01,3.148090124723852967e-01,-1.272841575820961857e-01,2.095366411524177241e+00,1.707986515427074858e-01
-3.500000000000009215e-01,3.188488711231651229e-01,-1.343092458680685830e-01,2.060182153854006160e+00,1.774682092674049749e-01
-3.600000000000009304e-01,3.221591372923638952e-01,-1.418806521868276604e-01,2.023217185636192461e+00,1.848531474188508106e-01
-3.700000000000009392e-01,3.245859190755359669e-01,-1.501281210577574132e-01,1.984154051470507385e+00,1.931278760995630006e-01
-3.800000000000009481e-01,3.258974501957590530e-01,-1.592471623859756658e-01,1.942514249659447412e+00,2.025547371701009736e-01
-3.900000000000009570e-01,3.257111205432939305e-01,-1.695604844816162027e-01,1.897508014936665655e+00,2.135653685173984628e-01
-4.000000000000009659e-01,3.232959497271151172e-01,-1.816840517523577170e-01,1.847628820650837111e+00,2.269795453688944198e-01
-4.100000000000009748e-01,3.168061764908001732e-01,-1.971703646437358293e-01,1.789085306570199485e+00,2.448479938583350002e-01
-4.200000000000009837e-01,2.890386163879081760e-01,-2.304304241822314747e-01,1.686839151571180695e+00,2.859078119980318355e-01
